--
-- PostgreSQL database dump
--

-- Dumped from database version 12.22 (Ubuntu 12.22-0ubuntu0.20.04.2)
-- Dumped by pg_dump version 16.2

SET statement_timeout = 0;
SET lock_timeout = 0;
SET idle_in_transaction_session_timeout = 0;
SET client_encoding = 'UTF8';
SET standard_conforming_strings = on;
SELECT pg_catalog.set_config('search_path', '', false);
SET check_function_bodies = false;
SET xmloption = content;
SET client_min_messages = warning;
SET row_security = off;

--
-- Data for Name: Region; Type: TABLE DATA; Schema: public; Owner: postgres
--

COPY public."Region" ("Id", "DateCreate", "DateUpdate", "Region", "Name", "RegionDetail") FROM stdin;
8fa7be3333954104bf31	2025-02-19 13:14:31.477	2025-02-19 13:14:31.477	1	Regional 1 - Pesanggaran	Pesanggaran, Siliragung
bbb1d7b9502246b2ba2b	2025-02-19 13:14:31.477	2025-02-19 13:14:31.477	2	Regional 2 - Cluring	Cluring, Gambiran
96c3c7a9086642158d0a	2025-02-19 13:14:31.477	2025-02-19 13:14:31.477	5	Regional 5 - Rogojampi	Rogojampi, Singojuruh, Blimbingsari, Kabat
9a0fd596d81546d6b1e7	2025-02-19 13:14:31.477	2025-02-19 13:14:31.477	3	Regional 3 - Srono	Srono, Muncar
4267114e46d4458dbcc8	2025-02-19 13:14:31.477	2025-02-19 13:14:31.477	4	Regional 4 - Purwoharjo	Purwoharjo, Tegaldlimo
1ec1fa544e2247a1a2bf	2025-02-19 13:14:31.477	2025-02-19 13:14:31.477	6	Regional 6 - Banyuwangi Kota	Banyuwangi, Glagah, Giri, Licin
95857408265646cda426	2025-02-19 13:14:31.477	2025-02-19 13:14:31.477	7	Regional 7 - Genteng	Genteng
2411763502aa465eb693	2025-02-19 13:14:31.477	2025-02-19 13:14:31.477	8	Regional 8 - Kalibaru	Kalibaru
04040860847f4abfa1f5	2025-02-19 13:14:31.477	2025-02-19 13:14:31.477	9	Regional 9 - Bangorejo	Bangorejo
13f01011a0c246209e3f	2025-02-19 13:14:31.477	2025-02-19 13:14:31.477	10	Regional 10 - Wongsorejo	Wongsorejo
3909123348e84569b99e	2025-02-19 13:14:31.477	2025-02-19 13:14:31.477	11	Regional 11 - Tegalsari	Tegalsari
\.


--
-- Data for Name: Season; Type: TABLE DATA; Schema: public; Owner: postgres
--

COPY public."Season" ("Id", "DateCreate", "DateUpdate", "Name", "StartDate", "EndDate") FROM stdin;
c2ea4ab1f7114bbb8058	2025-02-19 13:14:30.595	2025-02-19 13:14:30.595	1	1740325248	1748792448
\.


--
-- Data for Name: Subject; Type: TABLE DATA; Schema: public; Owner: postgres
--

COPY public."Subject" ("Id", "DateCreate", "DateUpdate", "Name") FROM stdin;
c8c9131fc0784371945b	2025-02-19 13:14:31.018	2025-02-19 13:14:31.018	matematika
cab1a5c724a144f8a174	2025-02-19 13:14:31.018	2025-02-19 13:14:31.018	ipa
7f48caeed82344b8918f	2025-02-19 13:14:31.018	2025-02-19 13:14:31.018	bahasa inggris
6a5db79722094559ad84	2025-02-19 13:14:31.018	2025-02-19 13:14:31.018	ips
\.


--
-- Data for Name: Competition; Type: TABLE DATA; Schema: public; Owner: postgres
--

COPY public."Competition" ("Id", "DateCreate", "DateUpdate", "Name", "Description", "Date", "Level", "Stage", "Price", "Location", "SeasonId", "RegionId", "SubjectId", "CodePackage", "PathAnswer", "regionId") FROM stdin;
e546d34f5541435891b1	2025-02-19 13:28:43.469	2025-02-19 13:28:43.469	JCC S1 - R1 - SMP IPS 8	lomrem	1740285000	2	SMP	70000	SMAN PESANGGARAN	c2ea4ab1f7114bbb8058	8fa7be3333954104bf31	6a5db79722094559ad84			\N
c9ad7957ad8f4c37a836	2025-02-19 13:28:43.469	2025-02-19 13:28:43.469	JCC S1 - R1 - SMP IPS 7	lomrem	1740285000	1	SMP	70000	SMAN PESANGGARAN	c2ea4ab1f7114bbb8058	8fa7be3333954104bf31	6a5db79722094559ad84			\N
347889e707954ba79692	2025-02-19 13:28:43.469	2025-02-19 13:28:43.469	JCC S1 - R1 - TK MATEMATIKA 1	lomrem	1740272400	1	TK	70000	SMAN PESANGGARAN	c2ea4ab1f7114bbb8058	8fa7be3333954104bf31	c8c9131fc0784371945b			\N
990285a38a9b4f5e938b	2025-02-19 13:28:43.469	2025-02-19 13:28:43.469	JCC S1 - R1 - TK BAHASA INGGRIS 1	lomrem	1740276600	1	TK	70000	SMAN PESANGGARAN	c2ea4ab1f7114bbb8058	8fa7be3333954104bf31	7f48caeed82344b8918f			\N
554947e8cd204f0b8b0e	2025-02-19 13:28:43.469	2025-02-19 13:28:43.469	JCC S1 - R1 - TK IPA 1	lomrem	1740280800	1	TK	70000	SMAN PESANGGARAN	c2ea4ab1f7114bbb8058	8fa7be3333954104bf31	cab1a5c724a144f8a174			\N
d83d9e8ba71f40d49b3f	2025-02-19 13:28:43.469	2025-02-19 13:28:43.469	JCC S1 - R1 - SD MATEMATIKA 1	lomrem	1740272400	1	SD	70000	SMAN PESANGGARAN	c2ea4ab1f7114bbb8058	8fa7be3333954104bf31	c8c9131fc0784371945b			\N
ff8f76a885eb41d9a7a0	2025-02-19 13:28:43.469	2025-02-19 13:28:43.469	JCC S1 - R1 - SD BAHASA INGGRIS 1	lomrem	1740276600	1	SD	70000	SMAN PESANGGARAN	c2ea4ab1f7114bbb8058	8fa7be3333954104bf31	7f48caeed82344b8918f			\N
20a9bf2737c74241b47b	2025-02-19 13:28:43.469	2025-02-19 13:28:43.469	JCC S1 - R1 - SD IPA 1	lomrem	1740280800	1	SD	70000	SMAN PESANGGARAN	c2ea4ab1f7114bbb8058	8fa7be3333954104bf31	cab1a5c724a144f8a174			\N
b68f74bce8c44b07b8f9	2025-02-19 13:28:43.469	2025-02-19 13:28:43.469	JCC S1 - R1 - SD IPS 1	lomrem	1740285000	1	SD	70000	SMAN PESANGGARAN	c2ea4ab1f7114bbb8058	8fa7be3333954104bf31	6a5db79722094559ad84			\N
040055f2a92745a39508	2025-02-19 13:28:43.469	2025-02-19 13:28:43.469	JCC S1 - R1 - SD MATEMATIKA 2	lomrem	1740272400	2	SD	70000	SMAN PESANGGARAN	c2ea4ab1f7114bbb8058	8fa7be3333954104bf31	c8c9131fc0784371945b			\N
7662de691c1c44ad96f1	2025-02-19 13:28:43.469	2025-02-19 13:28:43.469	JCC S1 - R1 - SD BAHASA INGGRIS 2	lomrem	1740276600	2	SD	70000	SMAN PESANGGARAN	c2ea4ab1f7114bbb8058	8fa7be3333954104bf31	7f48caeed82344b8918f			\N
b5ea33ad1cf54a8f82f6	2025-02-19 13:28:43.469	2025-02-19 13:28:43.469	JCC S1 - R1 - SD IPA 2	lomrem	1740280800	2	SD	70000	SMAN PESANGGARAN	c2ea4ab1f7114bbb8058	8fa7be3333954104bf31	cab1a5c724a144f8a174			\N
6a040937b99844059bb7	2025-02-19 13:28:43.469	2025-02-19 13:28:43.469	JCC S1 - R1 - SD IPS 2	lomrem	1740285000	2	SD	70000	SMAN PESANGGARAN	c2ea4ab1f7114bbb8058	8fa7be3333954104bf31	6a5db79722094559ad84			\N
df3f5bb56ad445179bd7	2025-02-19 13:28:43.469	2025-02-19 13:28:43.469	JCC S1 - R1 - SD MATEMATIKA 3	lomrem	1740272400	3	SD	70000	SMAN PESANGGARAN	c2ea4ab1f7114bbb8058	8fa7be3333954104bf31	c8c9131fc0784371945b			\N
0237963a6d68490a819d	2025-02-19 13:28:43.469	2025-02-19 13:28:43.469	JCC S1 - R1 - SD BAHASA INGGRIS 3	lomrem	1740276600	3	SD	70000	SMAN PESANGGARAN	c2ea4ab1f7114bbb8058	8fa7be3333954104bf31	7f48caeed82344b8918f			\N
9ece83f1a42d4f0d912e	2025-02-19 13:28:43.469	2025-02-19 13:28:43.469	JCC S1 - R1 - SD IPA 3	lomrem	1740280800	3	SD	70000	SMAN PESANGGARAN	c2ea4ab1f7114bbb8058	8fa7be3333954104bf31	cab1a5c724a144f8a174			\N
7f0c8d9ed5c2493690b2	2025-02-19 13:28:43.469	2025-02-19 13:28:43.469	JCC S1 - R1 - SD IPS 3	lomrem	1740285000	3	SD	70000	SMAN PESANGGARAN	c2ea4ab1f7114bbb8058	8fa7be3333954104bf31	6a5db79722094559ad84			\N
0110ce5aa8f8468faca6	2025-02-19 13:28:43.469	2025-02-19 13:28:43.469	JCC S1 - R1 - SD MATEMATIKA 4	lomrem	1740272400	4	SD	70000	SMAN PESANGGARAN	c2ea4ab1f7114bbb8058	8fa7be3333954104bf31	c8c9131fc0784371945b			\N
0f4ad8a2cbea4980b044	2025-02-19 13:28:43.469	2025-02-19 13:28:43.469	JCC S1 - R1 - SD BAHASA INGGRIS 4	lomrem	1740276600	4	SD	70000	SMAN PESANGGARAN	c2ea4ab1f7114bbb8058	8fa7be3333954104bf31	7f48caeed82344b8918f			\N
b582bb8622ba4a4fbbb0	2025-02-19 13:28:43.469	2025-02-19 13:28:43.469	JCC S1 - R1 - SD IPA 4	lomrem	1740280800	4	SD	70000	SMAN PESANGGARAN	c2ea4ab1f7114bbb8058	8fa7be3333954104bf31	cab1a5c724a144f8a174			\N
1b147477f3f846d7aea4	2025-02-19 13:28:43.469	2025-02-19 13:28:43.469	JCC S1 - R1 - SD IPS 4	lomrem	1740285000	4	SD	70000	SMAN PESANGGARAN	c2ea4ab1f7114bbb8058	8fa7be3333954104bf31	6a5db79722094559ad84			\N
f8e27c3ca3a341319d92	2025-02-19 13:28:43.469	2025-02-19 13:28:43.469	JCC S1 - R1 - SD MATEMATIKA 5	lomrem	1740272400	5	SD	70000	SMAN PESANGGARAN	c2ea4ab1f7114bbb8058	8fa7be3333954104bf31	c8c9131fc0784371945b			\N
59ba0368940e4c269b31	2025-02-19 13:28:43.469	2025-02-19 13:28:43.469	JCC S1 - R1 - SD BAHASA INGGRIS 5	lomrem	1740276600	5	SD	70000	SMAN PESANGGARAN	c2ea4ab1f7114bbb8058	8fa7be3333954104bf31	7f48caeed82344b8918f			\N
9fde761d67e440089f74	2025-02-19 13:28:43.469	2025-02-19 13:28:43.469	JCC S1 - R1 - SD IPA 5	lomrem	1740280800	5	SD	70000	SMAN PESANGGARAN	c2ea4ab1f7114bbb8058	8fa7be3333954104bf31	cab1a5c724a144f8a174			\N
8c991c31581c4a77b294	2025-02-19 13:28:43.469	2025-02-19 13:28:43.469	JCC S1 - R1 - SD IPS 5	lomrem	1740285000	5	SD	70000	SMAN PESANGGARAN	c2ea4ab1f7114bbb8058	8fa7be3333954104bf31	6a5db79722094559ad84			\N
5825a425129d4261ae58	2025-02-19 13:28:43.469	2025-02-19 13:28:43.469	JCC S1 - R1 - SD MATEMATIKA 6	lomrem	1740272400	6	SD	70000	SMAN PESANGGARAN	c2ea4ab1f7114bbb8058	8fa7be3333954104bf31	c8c9131fc0784371945b			\N
470059c8221b46d7bf28	2025-02-19 13:28:43.469	2025-02-19 13:28:43.469	JCC S1 - R1 - SD BAHASA INGGRIS 6	lomrem	1740276600	6	SD	70000	SMAN PESANGGARAN	c2ea4ab1f7114bbb8058	8fa7be3333954104bf31	7f48caeed82344b8918f			\N
1607a278c49540b8823c	2025-02-19 13:28:43.469	2025-02-19 13:28:43.469	JCC S1 - R1 - SD IPA 6	lomrem	1740280800	6	SD	70000	SMAN PESANGGARAN	c2ea4ab1f7114bbb8058	8fa7be3333954104bf31	cab1a5c724a144f8a174			\N
4623c943020341dd8faf	2025-02-19 13:28:43.469	2025-02-19 13:28:43.469	JCC S1 - R1 - SD IPS 6	lomrem	1740285000	6	SD	70000	SMAN PESANGGARAN	c2ea4ab1f7114bbb8058	8fa7be3333954104bf31	6a5db79722094559ad84			\N
422af22b13ad42ac928b	2025-02-19 13:28:43.469	2025-02-19 13:28:43.469	JCC S1 - R1 - SMP MATEMATIKA 7	lomrem	1740272400	1	SMP	70000	SMAN PESANGGARAN	c2ea4ab1f7114bbb8058	8fa7be3333954104bf31	c8c9131fc0784371945b			\N
c3ed8f356ea741838090	2025-02-19 13:28:43.469	2025-02-19 13:28:43.469	JCC S1 - R1 - SMP MATEMATIKA 8	lomrem	1740272400	2	SMP	70000	SMAN PESANGGARAN	c2ea4ab1f7114bbb8058	8fa7be3333954104bf31	c8c9131fc0784371945b			\N
f6bc10251ae64f42b4ec	2025-02-19 13:28:43.469	2025-02-19 13:28:43.469	JCC S1 - R1 - SMP BAHASA INGGRIS 8	lomrem	1740276600	2	SMP	70000	SMAN PESANGGARAN	c2ea4ab1f7114bbb8058	8fa7be3333954104bf31	7f48caeed82344b8918f			\N
f31d7bf237ab407cbaea	2025-02-19 13:28:43.469	2025-02-19 13:28:43.469	JCC S1 - R1 - SMP IPA 8	lomrem	1740280800	2	SMP	70000	SMAN PESANGGARAN	c2ea4ab1f7114bbb8058	8fa7be3333954104bf31	cab1a5c724a144f8a174			\N
25b28013dcb34fe49abd	2025-02-19 13:28:43.469	2025-02-19 13:28:43.469	JCC S1 - R1 - SMP MATEMATIKA 9	lomrem	1740272400	3	SMP	70000	SMAN PESANGGARAN	c2ea4ab1f7114bbb8058	8fa7be3333954104bf31	c8c9131fc0784371945b			\N
0f78f85794c94ce8aa7b	2025-02-19 13:28:43.469	2025-02-19 13:28:43.469	JCC S1 - R1 - SMP BAHASA INGGRIS 9	lomrem	1740276600	3	SMP	70000	SMAN PESANGGARAN	c2ea4ab1f7114bbb8058	8fa7be3333954104bf31	7f48caeed82344b8918f			\N
36170fb74f4b49b69968	2025-02-19 13:28:43.469	2025-02-19 13:28:43.469	JCC S1 - R1 - SMP IPA 7	lomrem	1740280800	1	SMP	70000	SMAN PESANGGARAN	c2ea4ab1f7114bbb8058	8fa7be3333954104bf31	cab1a5c724a144f8a174			\N
b78016c5c1e6459ea5f9	2025-03-13 01:58:07.338	2025-03-13 01:58:07.338	JCC S1 R2 - SMP BAHASA INGGRIS 7	lomrem	1745115000	1	SMP	70000	SMA NEGERI 1 CLURING	c2ea4ab1f7114bbb8058	bbb1d7b9502246b2ba2b	7f48caeed82344b8918f			\N
c17b0c33322840fc8e60	2025-02-19 13:28:43.469	2025-02-19 13:28:43.469	JCC S1 - R1 - SMP IPA 9	lomrem	1740280800	3	SMP	70000	SMAN PESANGGARAN	c2ea4ab1f7114bbb8058	8fa7be3333954104bf31	cab1a5c724a144f8a174			\N
907131fac9b7413289b7	2025-02-19 13:28:43.469	2025-02-19 13:28:43.469	JCC S1 - R1 - SMP BAHASA INGGRIS 7	lomrem	1740276600	1	SMP	70000	SMAN PESANGGARAN	c2ea4ab1f7114bbb8058	8fa7be3333954104bf31	7f48caeed82344b8918f			\N
07adf2a03a6d4764bebc	2025-02-19 13:28:43.469	2025-02-19 13:28:43.469	JCC S1 - R1 - SMP IPS 9	lomrem	1740285000	3	SMP	70000	SMAN PESANGGARAN	c2ea4ab1f7114bbb8058	8fa7be3333954104bf31	6a5db79722094559ad84			\N
a1598c544aef4b1d9e21	2025-03-13 01:58:07.337	2025-03-13 01:58:07.337	JCC S1 R2 - TK MATEMATIKA 1	lomrem	1745110800	1	TK	70000	SMA NEGERI 1 CLURING	c2ea4ab1f7114bbb8058	bbb1d7b9502246b2ba2b	c8c9131fc0784371945b			\N
6404e8a960794f388d85	2025-03-13 01:58:07.337	2025-03-13 01:58:07.337	JCC S1 R2 - TK BAHASA INGGRIS 1	lomrem	1745115000	1	TK	70000	SMA NEGERI 1 CLURING	c2ea4ab1f7114bbb8058	bbb1d7b9502246b2ba2b	7f48caeed82344b8918f			\N
fb946403a5b64cdea53e	2025-03-13 01:58:07.337	2025-03-13 01:58:07.337	JCC S1 R2 - TK IPA 1	lomrem	1745119200	1	TK	70000	SMA NEGERI 1 CLURING	c2ea4ab1f7114bbb8058	bbb1d7b9502246b2ba2b	cab1a5c724a144f8a174			\N
e0f1ca50e0394348b611	2025-03-13 01:58:07.337	2025-03-13 01:58:07.337	JCC S1 R2 - SD MATEMATIKA 1	lomrem	1745110800	1	SD	70000	SMA NEGERI 1 CLURING	c2ea4ab1f7114bbb8058	bbb1d7b9502246b2ba2b	c8c9131fc0784371945b			\N
ed7eecde320e4a3cb9ec	2025-03-13 01:58:07.337	2025-03-13 01:58:07.337	JCC S1 R2 - SD BAHASA INGGRIS 1	lomrem	1745115000	1	SD	70000	SMA NEGERI 1 CLURING	c2ea4ab1f7114bbb8058	bbb1d7b9502246b2ba2b	7f48caeed82344b8918f			\N
3146fea482b34f05ae85	2025-03-13 01:58:07.337	2025-03-13 01:58:07.337	JCC S1 R2 - SD IPA 1	lomrem	1745119200	1	SD	70000	SMA NEGERI 1 CLURING	c2ea4ab1f7114bbb8058	bbb1d7b9502246b2ba2b	cab1a5c724a144f8a174			\N
d0843136cfbb4446ba0c	2025-03-13 01:58:07.337	2025-03-13 01:58:07.337	JCC S1 R2 - SD IPS 1	lomrem	1745123400	1	SD	70000	SMA NEGERI 1 CLURING	c2ea4ab1f7114bbb8058	bbb1d7b9502246b2ba2b	6a5db79722094559ad84			\N
5e23a22dd4c6481b8eb5	2025-03-13 01:58:07.337	2025-03-13 01:58:07.337	JCC S1 R2 - SD MATEMATIKA 2	lomrem	1745110800	2	SD	70000	SMA NEGERI 1 CLURING	c2ea4ab1f7114bbb8058	bbb1d7b9502246b2ba2b	c8c9131fc0784371945b			\N
3bfa79aa463546f1961f	2025-03-13 01:58:07.337	2025-03-13 01:58:07.337	JCC S1 R2 - SD BAHASA INGGRIS 2	lomrem	1745115000	2	SD	70000	SMA NEGERI 1 CLURING	c2ea4ab1f7114bbb8058	bbb1d7b9502246b2ba2b	7f48caeed82344b8918f			\N
690c0de281314bf790e1	2025-03-13 01:58:07.338	2025-03-13 01:58:07.338	JCC S1 R2 - SD IPA 2	lomrem	1745119200	2	SD	70000	SMA NEGERI 1 CLURING	c2ea4ab1f7114bbb8058	bbb1d7b9502246b2ba2b	cab1a5c724a144f8a174			\N
2219933fca0649d29e27	2025-03-13 01:58:07.338	2025-03-13 01:58:07.338	JCC S1 R2 - SD IPS 2	lomrem	1745123400	2	SD	70000	SMA NEGERI 1 CLURING	c2ea4ab1f7114bbb8058	bbb1d7b9502246b2ba2b	6a5db79722094559ad84			\N
1ee47787001c4af5af4e	2025-03-13 01:58:07.338	2025-03-13 01:58:07.338	JCC S1 R2 - SD MATEMATIKA 3	lomrem	1745110800	3	SD	70000	SMA NEGERI 1 CLURING	c2ea4ab1f7114bbb8058	bbb1d7b9502246b2ba2b	c8c9131fc0784371945b			\N
eef75402369a4dc8a544	2025-03-13 01:58:07.338	2025-03-13 01:58:07.338	JCC S1 R2 - SD BAHASA INGGRIS 3	lomrem	1745115000	3	SD	70000	SMA NEGERI 1 CLURING	c2ea4ab1f7114bbb8058	bbb1d7b9502246b2ba2b	7f48caeed82344b8918f			\N
6181a8db12254865b3b5	2025-03-13 01:58:07.338	2025-03-13 01:58:07.338	JCC S1 R2 - SD IPA 3	lomrem	1745119200	3	SD	70000	SMA NEGERI 1 CLURING	c2ea4ab1f7114bbb8058	bbb1d7b9502246b2ba2b	cab1a5c724a144f8a174			\N
5c4715d0d57e4ddaa9e3	2025-03-13 01:58:07.338	2025-03-13 01:58:07.338	JCC S1 R2 - SD IPS 3	lomrem	1745123400	3	SD	70000	SMA NEGERI 1 CLURING	c2ea4ab1f7114bbb8058	bbb1d7b9502246b2ba2b	6a5db79722094559ad84			\N
3411136148b740fcb1f7	2025-03-13 01:58:07.338	2025-03-13 01:58:07.338	JCC S1 R2 - SD MATEMATIKA 4	lomrem	1745110800	4	SD	70000	SMA NEGERI 1 CLURING	c2ea4ab1f7114bbb8058	bbb1d7b9502246b2ba2b	c8c9131fc0784371945b			\N
9493fd1448eb40759235	2025-03-13 01:58:07.338	2025-03-13 01:58:07.338	JCC S1 R2 - SD BAHASA INGGRIS 4	lomrem	1745115000	4	SD	70000	SMA NEGERI 1 CLURING	c2ea4ab1f7114bbb8058	bbb1d7b9502246b2ba2b	7f48caeed82344b8918f			\N
7db87110efed44af8d02	2025-03-13 01:58:07.338	2025-03-13 01:58:07.338	JCC S1 R2 - SD IPA 4	lomrem	1745119200	4	SD	70000	SMA NEGERI 1 CLURING	c2ea4ab1f7114bbb8058	bbb1d7b9502246b2ba2b	cab1a5c724a144f8a174			\N
2c29d427601445fa982f	2025-03-13 01:58:07.338	2025-03-13 01:58:07.338	JCC S1 R2 - SD IPS 4	lomrem	1745123400	4	SD	70000	SMA NEGERI 1 CLURING	c2ea4ab1f7114bbb8058	bbb1d7b9502246b2ba2b	6a5db79722094559ad84			\N
57e405aaa15f4e8c923b	2025-03-13 01:58:07.338	2025-03-13 01:58:07.338	JCC S1 R2 - SD MATEMATIKA 5	lomrem	1745110800	5	SD	70000	SMA NEGERI 1 CLURING	c2ea4ab1f7114bbb8058	bbb1d7b9502246b2ba2b	c8c9131fc0784371945b			\N
e5f1bb0f908147e9be9c	2025-03-13 01:58:07.338	2025-03-13 01:58:07.338	JCC S1 R2 - SD BAHASA INGGRIS 5	lomrem	1745115000	5	SD	70000	SMA NEGERI 1 CLURING	c2ea4ab1f7114bbb8058	bbb1d7b9502246b2ba2b	7f48caeed82344b8918f			\N
6e1b7734f5db414da258	2025-03-13 01:58:07.338	2025-03-13 01:58:07.338	JCC S1 R2 - SD IPA 5	lomrem	1745119200	5	SD	70000	SMA NEGERI 1 CLURING	c2ea4ab1f7114bbb8058	bbb1d7b9502246b2ba2b	cab1a5c724a144f8a174			\N
0724eb841b1e489691ac	2025-03-13 01:58:07.338	2025-03-13 01:58:07.338	JCC S1 R2 - SD IPS 5	lomrem	1745123400	5	SD	70000	SMA NEGERI 1 CLURING	c2ea4ab1f7114bbb8058	bbb1d7b9502246b2ba2b	6a5db79722094559ad84			\N
5b1dd43ed14341c2b529	2025-03-13 01:58:07.338	2025-03-13 01:58:07.338	JCC S1 R2 - SD MATEMATIKA 6	lomrem	1745110800	6	SD	70000	SMA NEGERI 1 CLURING	c2ea4ab1f7114bbb8058	bbb1d7b9502246b2ba2b	c8c9131fc0784371945b			\N
17c96d6c29b8487595f4	2025-03-13 01:58:07.338	2025-03-13 01:58:07.338	JCC S1 R2 - SD BAHASA INGGRIS 6	lomrem	1745115000	6	SD	70000	SMA NEGERI 1 CLURING	c2ea4ab1f7114bbb8058	bbb1d7b9502246b2ba2b	7f48caeed82344b8918f			\N
0a3a309e6f3f46a5bc12	2025-03-13 01:58:07.338	2025-03-13 01:58:07.338	JCC S1 R2 - SD IPA 6	lomrem	1745119200	6	SD	70000	SMA NEGERI 1 CLURING	c2ea4ab1f7114bbb8058	bbb1d7b9502246b2ba2b	cab1a5c724a144f8a174			\N
892176c53efb4f32b8d2	2025-03-13 01:58:07.338	2025-03-13 01:58:07.338	JCC S1 R2 - SD IPS 6	lomrem	1745123400	6	SD	70000	SMA NEGERI 1 CLURING	c2ea4ab1f7114bbb8058	bbb1d7b9502246b2ba2b	6a5db79722094559ad84			\N
0afab414eb9e40a9915c	2025-03-13 01:58:07.338	2025-03-13 01:58:07.338	JCC S1 R2 - SMP MATEMATIKA 7	lomrem	1745110800	1	SMP	70000	SMA NEGERI 1 CLURING	c2ea4ab1f7114bbb8058	bbb1d7b9502246b2ba2b	c8c9131fc0784371945b			\N
3443c66c41a34209a438	2025-03-13 01:58:07.338	2025-03-13 01:58:07.338	JCC S1 R2 - SMP IPA 7	lomrem	1745119200	1	SMP	70000	SMA NEGERI 1 CLURING	c2ea4ab1f7114bbb8058	bbb1d7b9502246b2ba2b	cab1a5c724a144f8a174			\N
ba7769f3d1e44f4f9fde	2025-03-13 01:58:07.338	2025-03-13 01:58:07.338	JCC S1 R2 - SMP MATEMATIKA 8	lomrem	1745110800	2	SMP	70000	SMA NEGERI 1 CLURING	c2ea4ab1f7114bbb8058	bbb1d7b9502246b2ba2b	c8c9131fc0784371945b			\N
60566668dc07446b8028	2025-03-13 01:58:07.338	2025-03-13 01:58:07.338	JCC S1 R2 - SMP BAHASA INGGRIS 8	lomrem	1745115000	2	SMP	70000	SMA NEGERI 1 CLURING	c2ea4ab1f7114bbb8058	bbb1d7b9502246b2ba2b	7f48caeed82344b8918f			\N
2f2e2a2bfcfc4981901e	2025-03-13 01:58:07.338	2025-03-13 01:58:07.338	JCC S1 R2 - SMP IPA 8	lomrem	1745119200	2	SMP	70000	SMA NEGERI 1 CLURING	c2ea4ab1f7114bbb8058	bbb1d7b9502246b2ba2b	cab1a5c724a144f8a174			\N
d4396707a81f4b728091	2025-03-13 01:58:07.338	2025-03-13 01:58:07.338	JCC S1 R2 - SD IPS 8	lomrem	1745123400	2	SMP	70000	SMA NEGERI 1 CLURING	c2ea4ab1f7114bbb8058	bbb1d7b9502246b2ba2b	6a5db79722094559ad84			\N
459e5232a8c04034aa61	2025-03-13 01:58:07.338	2025-03-13 01:58:07.338	JCC S1 R2 - SMP MATEMATIKA 9	lomrem	1745110800	3	SMP	70000	SMA NEGERI 1 CLURING	c2ea4ab1f7114bbb8058	bbb1d7b9502246b2ba2b	c8c9131fc0784371945b			\N
7d0ed47c54774702b888	2025-03-13 01:58:07.338	2025-03-13 01:58:07.338	JCC S1 R2 - SMP BAHASA INGGRIS 9	lomrem	1745115000	3	SMP	70000	SMA NEGERI 1 CLURING	c2ea4ab1f7114bbb8058	bbb1d7b9502246b2ba2b	7f48caeed82344b8918f			\N
efa9fcdd375c445886b1	2025-03-13 01:58:07.338	2025-03-13 01:58:07.338	JCC S1 R2 - SMP IPA 9	lomrem	1745119200	3	SMP	70000	SMA NEGERI 1 CLURING	c2ea4ab1f7114bbb8058	bbb1d7b9502246b2ba2b	cab1a5c724a144f8a174			\N
ecfb1af9aac7414ba9c1	2025-03-13 01:58:07.338	2025-03-13 01:58:07.338	JCC S1 R2 - SD IPS 9	lomrem	1745123400	3	SMP	70000	SMA NEGERI 1 CLURING	c2ea4ab1f7114bbb8058	bbb1d7b9502246b2ba2b	6a5db79722094559ad84			\N
da89fd16170041869b89	2025-03-13 01:58:07.338	2025-03-13 01:58:07.338	JCC S1 R2 - SD IPS 7	lomrem	1745123400	1	SMP	70000	SMA NEGERI 1 CLURING	c2ea4ab1f7114bbb8058	bbb1d7b9502246b2ba2b	6a5db79722094559ad84			\N
\.


--
-- Data for Name: Role; Type: TABLE DATA; Schema: public; Owner: postgres
--

COPY public."Role" ("Id", "Name", "DateCreate", "DateUpdate") FROM stdin;
303030d2f38e428980e8	SUPERADMIN	2025-02-19 13:14:29.35	2025-02-19 13:14:29.35
f5d625b7770e4fd5aa91	ADMIN	2025-02-19 13:14:29.35	2025-02-19 13:14:29.35
fc25b9f64cca4ca6ab30	EVENTADMIN	2025-02-19 13:14:29.35	2025-02-19 13:14:29.35
5c3da8fd706343f8b7e6	FACILITATOR	2025-02-19 13:14:29.35	2025-02-19 13:14:29.35
b25660e8b37a44659ca3	PARTICIPANT	2025-02-19 13:14:29.35	2025-02-19 13:14:29.35
\.


--
-- Data for Name: User; Type: TABLE DATA; Schema: public; Owner: postgres
--

COPY public."User" ("Id", "DateCreate", "DateUpdate", "Name", "Username", "Password", "RoleId", "Birthdate", "BirthPlace", "PhoneNumber", "Gender", "Email", "Status") FROM stdin;
ac91e61684e04166933c	2025-02-19 13:14:30.139	2025-02-19 13:14:30.139	Superadmin	superadmin	$2a$10$ZvO.hRsvZ/xLMRqkkX50LeGdtfvGTrdmzQFkWNEzxyfTwzrgdqoke	303030d2f38e428980e8	980955648	\N	08123456789	t	superadmin@mail.com	ACTIVE
ae7317bda7b54cbc8262	2025-02-19 13:14:30.139	2025-02-19 13:14:30.139	Admin	admin	$2a$10$4rcRLuTHiPkpHgiFAEWD6uSk1ThcvszRnriDSaGk8frbyWCQ7mXZS	f5d625b7770e4fd5aa91	980955648	\N	08123456789	f	admin@mail.com	ACTIVE
cf4ffd31618142cf92c9	2025-02-19 13:14:30.139	2025-02-19 13:14:30.139	Facilitator	facilitator	$2a$10$zY4COYD.LJuXW4GacGgp7eR3cstmL6d45y25.yrR4H5d69Vs3tEbS	5c3da8fd706343f8b7e6	980955648	\N	08123456789	f	facilitator@mail.com	ACTIVE
bcb30faeabc64146b5c7	2025-02-19 13:14:30.139	2025-02-19 13:14:30.139	Participant	participant	$2a$10$Z/t6Rogj3RmPlK0sRtzcWuti0gQZaZuT38TPg1KQoYdFlQ3tcegm6	b25660e8b37a44659ca3	980955648	\N	08123456789	f	participant@mail.com	ACTIVE
f5cac6a414e44f30a289	2025-02-23 00:58:15.887	2025-02-24 07:09:06.175	Darren Leonardo Arbani	darren19	$2a$10$gQyE1O2jWCcjvzNbi.B.uuM7LvWiw1/BGRV/tCJe3R5h94NkFygtK	b25660e8b37a44659ca3	1500472428	\N	6285233277813	t	\N	ACTIVE
473f3786bf6f4d9cb804	2025-02-23 00:58:15.887	2025-02-23 00:58:15.887	Yoyada Gavriel Ingtias	yoyada27	$2a$10$8I3gudxb/5qxY3av.oCIZ.IyKjw32JVDSw43d4BmYvwqmg4qmsX/C	b25660e8b37a44659ca3	1501163628	\N	0	t	\N	ACTIVE
031ea0e17a7f430984fe	2025-02-23 00:58:15.887	2025-02-23 00:58:15.887	Parahita Widya Puspa Dahayu	parahita29	$2a$10$dVsdeaXeTHeWSIJuhgJhGe05ByD10lWdVmFD15uNisQ7xvECn8K9G	b25660e8b37a44659ca3	1472478828	\N	0	f	\N	ACTIVE
ad4cf27522764875a2c1	2025-02-23 00:58:15.887	2025-02-23 00:58:15.887	Javier Azka Izul Umam	javier29	$2a$10$BGBfdk1/WIeWHpuPMh1YW.HnZVNqm6YybIMKgBZiQn1Zi.A1tsD8W	b25660e8b37a44659ca3	1475157228	\N	0	t	\N	ACTIVE
b8818eb128124651901c	2025-02-23 00:58:15.887	2025-02-23 00:58:15.887	Fattah Aan Maulana Bajuri	fattah1	$2a$10$z5GmLkjJoL9Z2wWp.eSSSOucdO8C/ChZU05fomkBX24W.yxBLw7Hq	b25660e8b37a44659ca3	1491054828	\N	6283125263353	t	\N	ACTIVE
59d6a6cbf41e46779d18	2025-02-23 00:58:15.887	2025-02-23 00:58:15.887	Najwa Khaira Abdulloh	najwa16	$2a$10$9aYen5wjJP7WLyF19uULkO2NJ8h5Jd23d2f043Pz1bPO6ABKArMMK	b25660e8b37a44659ca3	1484574828	\N	6283125263353	f	\N	ACTIVE
3d264d9696a9453fac99	2025-02-23 00:58:15.887	2025-02-23 00:58:15.887	Lavanya Salsabila Khuzaini	lavanya1	$2a$10$zhC6FFmZUAPJdu6jvvEytOcZhqT/5H0C4ReEU7.H/0xf9phBt393K	b25660e8b37a44659ca3	1514814828	\N	6283125263353	f	\N	ACTIVE
c7554b7bd8024e4f98e4	2025-02-23 00:58:15.887	2025-02-23 00:58:15.887	Gladys Aisyah Jasmine	gladys27	$2a$10$vZvWV4p3B7R0fxjO7RoWM.jcgWxuDrBA/tTJZFlQZ0tB46DVEGVCa	b25660e8b37a44659ca3	1456581228	\N	0	f	\N	ACTIVE
f6be53c33aee4caea06d	2025-02-23 00:58:15.887	2025-02-23 00:58:15.887	Arsyaqila Aretha Putri Rohmanto	arsyaqila3	$2a$10$nnZl08gTTvGs1fpfKN8gJOFh1vHEVCeHtS6aKPRFLnY2GPM26afwy	b25660e8b37a44659ca3	1522763628	\N	0	f	\N	ACTIVE
4a2decd8035549d4bfd7	2025-02-23 00:58:15.887	2025-02-23 00:58:15.887	Muhammad Zafran Pilar Setiawan	zafran20	$2a$10$I8DISaqBH.SlYF46eH6FFemr8m9VLv0orirKj23zlITPuaZRW7AAG	b25660e8b37a44659ca3	1479650028	\N	0	t	\N	ACTIVE
c180bc8b25fd424683a5	2025-02-23 00:58:15.887	2025-02-23 00:58:15.887	Aina Talita Zahra	aina10	$2a$10$fxXxu5Lj3LsH/MdE29Ocj.OJc/CRj.09DdUmDNj9JYxl28syFsAk.	b25660e8b37a44659ca3	1425995628	\N	0	f	\N	ACTIVE
a3b9c1a949b542c9b84e	2025-02-23 00:58:15.887	2025-02-23 00:58:15.887	Richelle Ramadhani Alfathunisa	richelle15	$2a$10$7ABN0AU6q7/cucj8yF7SierUOpYI/W0FNINOn6zeAjPrtjlrPDLSu	b25660e8b37a44659ca3	1497534828	\N	0	f	\N	ACTIVE
e34d2b5e84b940aa865c	2025-02-23 00:58:15.887	2025-02-23 00:58:15.887	Desindia Areta Early	desindia13	$2a$10$VptTVm3.bjsrfWtq.reOZeDRW6tpHs8lXpHxLRxmpUWuV1kA5XxIO	b25660e8b37a44659ca3	1323784428	\N	0	f	\N	ACTIVE
31a5de65be9a4df2913b	2025-02-23 00:58:15.887	2025-02-23 00:58:15.887	Alyssa Nova Fajrina	alyssa28	$2a$10$aZYlvtp.7x.9snm6vaUvx.DJdN.fQMOnPX/Zo99QI1ap01MFZdJaC	b25660e8b37a44659ca3	1451310828	\N	0	f	\N	ACTIVE
ede698ff4d3746dcbe58	2025-02-23 00:58:15.887	2025-02-23 00:58:15.887	Karen Febriyana	karen9	$2a$10$zyv.7SdUGYCl2Hb/3ZVj6O7UwfaPhsNtPLFlNrBCg8ZDWEV1LMW5C	b25660e8b37a44659ca3	1297259628	\N	0	f	\N	ACTIVE
598fc689d1a041cc979e	2025-02-23 00:58:15.887	2025-02-23 00:58:15.887	Anggun Sasil Nasif Putri	anggun6	$2a$10$kC8aS.ugMRAXHqS1WrDMbeZ92O8J2x8MBGSFytjrOZTDGGOnDTjda	b25660e8b37a44659ca3	1425650028	\N	0	f	\N	ACTIVE
326a7ab7d6934bf581a1	2025-02-23 00:58:15.887	2025-02-23 00:58:15.887	Mohammad Alvaro Abrizam Bazyl	alvaro22	$2a$10$.tc6SrgPzCSmOQahe7MgQuG1hH.6BK47MhHcjHJdWal/ygPB7niUS	b25660e8b37a44659ca3	1350914028	\N	0	t	\N	ACTIVE
d8e515b8771e49e39034	2025-02-23 00:58:15.887	2025-02-23 00:58:15.887	Della Silvira Meylani	della6	$2a$10$xg6aLLnDdz9iaQjSF4p/DuZwagWHi/XHYoB/0dB2Ao5yFGOADRFo2	b25660e8b37a44659ca3	1430920428	\N	0	f	\N	ACTIVE
f0c7dbb1f68144409073	2025-02-23 00:58:15.887	2025-02-23 00:58:15.887	Hannah Shirina Harmony	hanna31	$2a$10$PDjSIrLJX0N0YYs3e8z89.xLltwmqr9q1BVFV4bH2NOzvdG07SP9e	b25660e8b37a44659ca3	1527774828	\N	0	f	\N	ACTIVE
d9d160c93d4b46e4850a	2025-02-23 00:58:15.887	2025-02-23 00:58:15.887	Kikandrya Medika Parameswari	kikandrya2	$2a$10$qpJLB.7tEkYv49CsH5z8uu4xosmqB9G8cOC/hwfRmk8xC9RyuaUle	b25660e8b37a44659ca3	1472824428	\N	0	f	\N	ACTIVE
364c66a0c9bb4def973b	2025-02-23 00:58:15.887	2025-02-23 00:58:15.887	Daratika Wahyu Putri	daratika26	$2a$10$5LO4/LEGGPdYxMjv3q1pge1bgsUnjyHWF6BqQ2y5CuKT5SF1Vm4pe	b25660e8b37a44659ca3	1298728428	\N	0	f	\N	ACTIVE
59cf21fd944d4de6afff	2025-02-23 00:58:15.887	2025-02-23 00:58:15.887	Luvi Meila Indayani	luvi8	$2a$10$JX2mo0P7o2O9rKP2PLvC9ONUJeZnv4NxPVnMH8S7WataCm7bA25w2	b25660e8b37a44659ca3	1304862828	\N	0	f	\N	ACTIVE
e220c566864e42f2a985	2025-02-23 00:58:15.887	2025-02-23 00:58:15.887	Silfi Risty Adillia	silfi3	$2a$10$TSlFAE892JhrPPh5g5lQfuMlKKupUCQAyc9zyzPCTS4oIxsEVMVhS	b25660e8b37a44659ca3	1299160428	\N	0	f	\N	ACTIVE
432a2a9690784e9abf2f	2025-02-23 00:58:15.887	2025-02-23 00:58:15.887	Muhammad Fierzy Juliever Bachtiar	fierzy8	$2a$10$gEFNbMN1dreI23KJ9PUjRuAIEK19MnXDUPIQ1FvolZZFzwfWUaKzG	b25660e8b37a44659ca3	1278597228	\N	0	t	\N	ACTIVE
18f755e329c94d39a312	2025-02-23 00:58:15.887	2025-02-23 00:58:15.887	Mikayla Adisty Santika Putri	mikayla2	$2a$10$cjphGd/Rp0wY8LyAighJR.6wGwu/eFK4InjbrBFCp0mG0K1JEIVx.	b25660e8b37a44659ca3	1472824428	\N	6282132619667	f	\N	ACTIVE
69fc143606e941248f5b	2025-02-23 00:58:15.887	2025-02-23 00:58:15.887	Briella Aileen Priscanara	briella28	$2a$10$wBF/DjTp7OFcSpsaUYwFaeftrPLWUycaY6LH3hZl7/2FxS7e44UVq	b25660e8b37a44659ca3	1556459628	\N	0	f	\N	ACTIVE
e04f18fcc92948948f4b	2025-02-23 00:58:15.887	2025-02-23 00:58:15.887	Chelsy Jenita Aristy	chelsy4	$2a$10$NfjdZwCFd0RYa/cLLqOX1uS/VUl2b6gZlQefPZZYQdXSn3WlZtuXW	b25660e8b37a44659ca3	1370354028	\N	0	f	\N	ACTIVE
9f0b07c79e8340a7b035	2025-02-19 13:14:30.139	2025-03-14 04:15:12.895	Mahdi Salimul Qolbi	eventadmin	$2a$10$1OU/K2qR0xhvZoQKd8ul.e/tl1ViWUt/wGiJSn/TTOKsGNIVbpHve	fc25b9f64cca4ca6ab30	980955648	\N	08123456789	f	eventadmin@mail.com	ACTIVE
7ac35cc542124256aa1f	2025-02-23 00:58:15.887	2025-02-23 00:58:15.887	Nuria Sektiyaseh	nuria3	$2a$10$WfwNdRx9rW0BcrzNzQbSC.5/0mRcbPlxWNKe5Ach7OI7eJD1UouG2	b25660e8b37a44659ca3	1451829228	\N	6281233440113	f	\N	ACTIVE
79f91d3d13ef437d85bb	2025-02-23 00:58:15.887	2025-02-23 00:58:15.887	Dini Almeta Cordelia	dini28	$2a$10$64.w7XKb1odJ09R99XpyRewWjCtCyZyU0B0sOs3ngQo3R6FuaXig.	b25660e8b37a44659ca3	1485611628	\N	0	f	\N	ACTIVE
58f68edb8fc14ddbaf28	2025-02-23 00:58:15.887	2025-02-23 00:58:15.887	Zeba Aulia Agustin	zeba31	$2a$10$C0fCW.8ywTOtra0//9vP3.n2uS4iTwp1vhaT8adzNastb4.1wODUq	b25660e8b37a44659ca3	1483192428	\N	0	f	\N	ACTIVE
6ecdeed17a3641c3ae59	2025-02-23 00:58:15.887	2025-02-23 00:58:15.887	Reffan Putra Prastyadhi	reffan11	$2a$10$q8IYoslpneRXwCMBYkmnzee3Um8KfVaNrmGtjJP4d7bLgpPMTuPDK	b25660e8b37a44659ca3	1305122028	\N	0	t	\N	ACTIVE
97599d171c8446649002	2025-02-23 00:58:15.887	2025-02-23 00:58:15.887	Mysha Almahyra Kurniawan	mysha23	$2a$10$QMg4wJW78TD.WLGSw0iGluzFNTsU58XNmbdgTfWTgm40oq/yVyEXO	b25660e8b37a44659ca3	1474638828	\N	0	f	\N	ACTIVE
9b9180bf61c84df4a690	2025-02-23 00:58:15.887	2025-02-23 00:58:15.887	Alkahfi Juneo Sukamdani	alkahfi17	$2a$10$TYv2819.TpOvxLbsCCniMuV3lFCgss5FNroe/izZnKfZDi4t26VO2	b25660e8b37a44659ca3	1560779628	\N	0	t	\N	ACTIVE
902bedee05f0464a9142	2025-02-23 00:58:15.887	2025-02-23 00:58:15.887	Roy Raditiya Ahmadi	roy22	$2a$10$vyGmcnboUeY.7he1EnLEkeIkAd7k.6k3M0OoRisBLKD9aQJbm/I5q	b25660e8b37a44659ca3	1277214828	\N	0	t	\N	ACTIVE
e37f73db6d5644349b7d	2025-02-23 00:58:15.887	2025-02-23 00:58:15.887	Danish Brilliant Pratama	danish3	$2a$10$fK3dj3wN6/HTZmDBCAqgeeWSz1V1sUCfLjqmJnYYQ5.ypk0Mc22Km	b25660e8b37a44659ca3	1272894828	\N	0	t	\N	ACTIVE
ceed21a0b16145d89111	2025-02-23 00:58:15.887	2025-02-23 00:58:15.887	Shareena Azkia Hanani	shareena7	$2a$10$LV70/aRFM6yuejVnJ/G3z.SecRMlUFlxjk.Agt.H/vjT06Z8C5sxq	b25660e8b37a44659ca3	1538920428	\N	0	f	\N	ACTIVE
0547d923626540e89b8c	2025-02-23 00:58:15.887	2025-02-23 00:58:15.887	Andira Putri Pratama	andira1	$2a$10$e6hZEz9SGzk5LuDhjmgGGuU06EZLmbocRi3yJUNGUzsJ5EZv50CDa	b25660e8b37a44659ca3	1409579628	\N	6282330768878	f	\N	ACTIVE
9da3cee99b72419e95a2	2025-02-23 00:58:15.887	2025-02-23 00:58:15.887	Zahrotul Auliya'Ul Arzaq	zahrotul1	$2a$10$EkmKdCMUEV0PMu.Py8GrWe.B9JoeqyI8TNkSgXESC5cGF9Ua34nfW	b25660e8b37a44659ca3	1357048428	\N	0	f	\N	ACTIVE
e37dd01dac384944aa85	2025-02-23 00:58:15.887	2025-02-23 00:58:15.887	Devringky Krisdiantoro Utomo	devringky6	$2a$10$frcXheSsnIA7f.M9bu236OrEdPc1P4xAuQW3cHdoU0yDOyr4wOVRe	b25660e8b37a44659ca3	1481032428	\N	0	t	\N	ACTIVE
b362df8b968140b792f4	2025-02-23 00:58:15.887	2025-02-23 00:58:15.887	Muhammad Muhajir Fadhlur Rohman	muhajir23	$2a$10$EfURNyiRn8RW9Z9mwowdoeY54jsR88BrKrbdH6ZoponIo0ajPaKoW	b25660e8b37a44659ca3	1277301228	\N	0	t	\N	ACTIVE
c4a8f7aa844d4b8cb7f2	2025-02-23 00:58:15.887	2025-02-23 00:58:15.887	Zafeera Aquila Setiawan	zafeera15	$2a$10$tUm7MCtc8w9GtfNHvCumWu9AZjCcMW7EulHX/Zzw..kEzB9.oyD1C	b25660e8b37a44659ca3	1426427628	\N	0	f	\N	ACTIVE
f72f9b40fc3d4bab8232	2025-02-23 00:58:15.887	2025-02-23 00:58:15.887	Ken Ayunda Kirana Nirwasinta	ken23	$2a$10$1DT7xbijsCd3zbgIv0ZK2.ToKkArSod1LHWOm2SyEmHepK0t0mckC	b25660e8b37a44659ca3	1529762028	\N	0	t	\N	ACTIVE
a6c94b5e4fd2471880b0	2025-02-23 00:58:15.887	2025-02-23 00:58:15.887	Mickayla Azzahra	mickayla1	$2a$10$npS8ehPpFdv5NFR5q4G/8.Pw6cmqW.PGlNtCZ1760jnaFtDU0ahqm	b25660e8b37a44659ca3	1491054828	\N	0	t	\N	ACTIVE
f8b79dc27e86406aa96b	2025-02-23 00:58:15.887	2025-02-23 00:58:15.887	Muhammad Azka Fuadi	azka8	$2a$10$EUrubJzmzgsYTlMti61dVOdrQm2I4blSgQuxTclK1TCbvlVeaacLu	b25660e8b37a44659ca3	1310133228	\N	0	t	\N	ACTIVE
729d0751cc06468598f9	2025-02-23 00:58:15.887	2025-02-23 00:58:15.887	Nindita Gilang Cahya Ramadhani	gilang12	$2a$10$fEdn8Xlyz/aPhW9ncgnaRuHbcqM.GMeXRvlJOpREoClYUsTCzebU2	b25660e8b37a44659ca3	1313157228	\N	0	t	\N	ACTIVE
58a9440f6f054615862b	2025-02-23 00:58:15.887	2025-02-23 00:58:15.887	Inara Alfarizqia Azzahra	inara10	$2a$10$jy0XxPa9WY.jUie21ly9xOaGcX7Ywll9uZ8nsaszkmPE08HgVyghS	b25660e8b37a44659ca3	1539179628	\N	0	f	\N	ACTIVE
4858d9b4ca43454cbfb3	2025-02-23 00:58:15.887	2025-02-23 00:58:15.887	Chalinda Pusriwa Nareswari	chalinda13	$2a$10$BxKO5aZUkCpykOLzsQ6zE.OuQlRLrvEW0gN6JKSJYGEqDlkKp6VZu	b25660e8b37a44659ca3	1439474028	\N	0	f	\N	ACTIVE
ed26b22e725c453ea7d4	2025-02-23 00:58:15.887	2025-02-23 00:58:15.887	Syehan Akif Maulana	syehan18	$2a$10$.cXHVrButN4506rdxTboIOOF9LRxrC7sf.5v5ZZ7Eeyhu7QtRglkO	b25660e8b37a44659ca3	1474206828	\N	0	t	\N	ACTIVE
c42a6cc82bfe49a1a1a1	2025-02-23 00:58:15.887	2025-02-23 00:58:15.887	Tifany Tiara Azhari	tifany11	$2a$10$BNVfP5kLg17LPfmBSonAVu/wL.u2bN9xCoBzLHbIUJ3AkivBb3HZu	b25660e8b37a44659ca3	1491918828	\N	0	f	\N	ACTIVE
a79a49fbba5e4efc8cd6	2025-02-23 00:58:15.887	2025-02-23 00:58:15.887	Zaidan Zhorif Zila'Al Azhary	zaidan12	$2a$10$gAwRQQ7IKp38QXdoNlBfdeaytvOsE8RtzALbiz4Kwxi.plCB9skzu	b25660e8b37a44659ca3	1371045228	\N	0	t	\N	ACTIVE
a54b78264eb74f249d5f	2025-02-23 00:58:15.887	2025-02-23 00:58:15.887	Ardan Wahyu Ismaputra	ardan16	$2a$10$WEmMZh2UrftifoXgr4qVB.himXrE51.1S7jzkHSaQW426YDJCCHIu	b25660e8b37a44659ca3	1460814828	\N	0	t	\N	ACTIVE
bddfc489beef453188f7	2025-02-23 00:58:15.887	2025-02-23 00:58:15.887	Mahira Hazna Kamila	mahira29	$2a$10$7ttM4RlnEVpD7JyL/B2UluakWsptq2MqO/fcGpAI2MKBUFCcd7lni	b25660e8b37a44659ca3	1469800428	\N	0	f	\N	ACTIVE
ee54340f0e1f41bdb0f8	2025-02-23 00:58:15.887	2025-02-23 00:58:15.887	Shaqueena Alisha Kairma	shaqueena26	$2a$10$/Ge6g7JTrpPtDDVZ02GS4uNXuLAibqsHhaHbj3iX71zjaILPm0XGe	b25660e8b37a44659ca3	1485438828	\N	0	f	\N	ACTIVE
1a3b29e5cd7c4f56a0b1	2025-02-23 00:58:15.887	2025-02-23 00:58:15.887	Muhammad Fillio Farzana	fillio3	$2a$10$W8lCFfQMZlYnKDaMFjwJouJYcGr46fsWWLvNSjELF8wVPQfx3ONi6	b25660e8b37a44659ca3	1475502828	\N	0	t	\N	ACTIVE
b78424b8ae63400cad73	2025-02-23 00:58:15.887	2025-02-23 00:58:15.887	Jihan Aurellia Sandy	jihan30	$2a$10$xGXKw6FKQi28fYaFFKfn7OoijJZ9nzFczWIpDHci1FuMMKs0AvmRO	b25660e8b37a44659ca3	1477835628	\N	0	f	\N	ACTIVE
4308c7b3271d4dfb89d0	2025-02-23 00:58:15.887	2025-02-23 00:58:15.887	Badai Elnino Wicaksono	badai6	$2a$10$B6i7BpypvTCbAPnmq/9/XOoW9DYUwkfj.Ii0gDjkd68saUuIZsMFm	b25660e8b37a44659ca3	1475762028	\N	0	t	\N	ACTIVE
3848f640c52d424dbf09	2025-02-23 00:58:15.887	2025-02-23 00:58:15.887	Arkan Raffasya Sabda	arkan21	$2a$10$KDY/VZEArFroTXF8NJFv2u1Kd79r2b1Bql5o/IrEC1JmL1MDhBQBK	b25660e8b37a44659ca3	1479736428	\N	0	t	\N	ACTIVE
9f8fe9e2efaa4bc09af1	2025-02-23 00:58:15.887	2025-02-23 00:58:15.887	Meyzendhi Naufalyn Kissy Riswanto	meyzendhi14	$2a$10$rbHCQGN8o4IBYhuVSPyNxOgokcKIpY.chGe.cEE6vE08hBteEi4v2	b25660e8b37a44659ca3	1463234028	\N	0	f	\N	ACTIVE
8435fecd87e04a51934b	2025-02-23 00:58:15.887	2025-02-23 00:58:15.887	Khailyla Azizie Al Anwari	khailyla24	$2a$10$5viHnu03OXg1YQureha.P.5Ejtj8Zf9ofdowL6HSRWKG24luRtOF2	b25660e8b37a44659ca3	1514123628	\N	0	f	\N	ACTIVE
77e07d3da7744969a8d6	2025-02-23 00:58:15.887	2025-02-23 00:58:15.887	Aila Hafizah	aila17	$2a$10$J2T8F11BmAu47r99Q1APUu.F4EJI.5ypoyysfJG4qg9sj0zLh.gcy	b25660e8b37a44659ca3	1552830828	\N	0	f	\N	ACTIVE
60a3174910d14109a83a	2025-02-23 00:58:15.887	2025-02-23 00:58:15.887	Nur Izzan Natrah Prasetyo	izzan20	$2a$10$RRu8olTxXwJUeS6gPK.HeunJeFMb8//7Gebyl09FKy6WeaU20l5dO	b25660e8b37a44659ca3	1547992428	\N	0	t	\N	ACTIVE
420ddd41a3684582a7d9	2025-02-23 00:58:15.887	2025-02-23 00:58:15.887	Bima Aditya Afkar	bima18	$2a$10$iuiHxQI0ycPLrFR.F6e6/OP9ZFDZiKYrx1h9AJFTKPYgnOiA1hYVq	b25660e8b37a44659ca3	1492523628	\N	0	t	\N	ACTIVE
5affb572a32d4c619c3c	2025-02-23 00:58:15.887	2025-02-23 00:58:15.887	Muhammad Razqa Habibie	razqa3	$2a$10$UnB4NW308R7K5M8oJwJQVuAlS5n2p63C1vdzNMEPW6DXfwJB/BPs2	b25660e8b37a44659ca3	1399125228	\N	0	t	\N	ACTIVE
9ef606f43ec84fbcae77	2025-02-23 00:58:15.887	2025-02-23 00:58:15.887	Ariasatya Wirya Atmaja	ariasatya26	$2a$10$n6BlrwojXUktn20RLR0Leu5QHnO7E3bqpUYrxMxTwWW0HsfJrwC9S	b25660e8b37a44659ca3	1440597228	\N	0	f	\N	ACTIVE
f5edabc3bf06428da66e	2025-02-23 00:58:15.887	2025-02-23 00:58:15.887	Andromeda Queensha Wicaksono	andromeda6	$2a$10$dUdBcV.Q1qarp/5jmKa/R.yZdq20O64ehFk7ndwOm9e0jj7z9pmIO	b25660e8b37a44659ca3	1349531628	\N	0	f	\N	ACTIVE
8fd64c865ad44fa380d1	2025-02-23 00:58:15.887	2025-02-23 00:58:15.887	Aulya Nur Mustika Ning	aulya4	$2a$10$V2VmKdvp9dHBkyaUl.nPBu4yrRQ4DGpX5wHb21gB0hFCLd/o5pcFO	b25660e8b37a44659ca3	1349358828	\N	0	f	\N	ACTIVE
a200320dd88143d6b001	2025-02-23 00:58:15.887	2025-02-23 00:58:15.887	Yusuf Maulana	yusuf2	$2a$10$fqQWyzenhg/xC97fA0Ek9.0LaZK5sX14BHh/slPyCSw9Q1/LbMvly	b25660e8b37a44659ca3	1375451628	\N	0	t	\N	ACTIVE
9db290c54fcd4ca8b5bd	2025-02-23 00:58:15.887	2025-02-23 00:58:15.887	Aldha Aliya'A Putri	aldha12	$2a$10$RKBBrVTCrtTjt4H34zRQ/OyCpUYGbitxMCxJ3zMBEnqBGQpexngKu	b25660e8b37a44659ca3	1368366828	\N	0	f	\N	ACTIVE
dee680b71a48428f8177	2025-02-23 00:58:15.887	2025-02-23 00:58:15.887	Prayata Himala Cakrawangsa	prayata12	$2a$10$mHS6qiNxqIpzMWoMzpgFk.KwGAHL5czMmyfKdNNoPfnny1QLg.nvO	b25660e8b37a44659ca3	1534082028	\N	0	t	\N	ACTIVE
cb05455c1ddb4b60ac8e	2025-02-23 00:58:15.887	2025-02-23 00:58:15.887	Wilis Ayunda Elshanum	wilis23	$2a$10$7Zvalp/pGOwypJm5A1weMOmEEuUqd4fPrCqKrFORaAPDVyrnyGFcC	b25660e8b37a44659ca3	1471960428	\N	0	f	\N	ACTIVE
75e639c9f388496f89d8	2025-02-23 00:58:15.887	2025-02-23 00:58:15.887	Jihan Inaiya Naisila Putri	jihan22	$2a$10$97Jn0.CHxIXuvXeX/7X2WOmbZ.nTzUofmJloXwtHd0XXM0W77nTQy	b25660e8b37a44659ca3	1411394028	\N	6282139299124	f	\N	ACTIVE
2daa3c2a8a7b47209b6f	2025-02-23 00:58:15.887	2025-02-23 00:58:15.887	Fazila Adyra Azzahra	fazila12	$2a$10$Whiym6velaBbFk0806wQm.fUD2SR3kD9.jlt2yXxf8x/GEFHhNqX2	b25660e8b37a44659ca3	1415750400	\N	0	f	\N	ACTIVE
de06e06cf6024d0bbb2e	2025-02-23 00:58:15.887	2025-02-23 00:58:15.887	Jose Kenzo Gaffar	jose5	$2a$10$4NSEhtDeVxnHPajfCWghuuOfZ/y0l32J1NQpzg2WVhUkGX.GcwL1G	b25660e8b37a44659ca3	1404518400	\N	0	t	\N	ACTIVE
1cdba3b009aa4d188a62	2025-02-23 00:58:15.887	2025-02-23 00:58:15.887	Alviano Pranata Dharma	alviano20	$2a$10$LeDG8hfi5EYyGW8ikC4TcuPQpRYdBIXSrAnlJNHZE0pLIyxMxDgaK	b25660e8b37a44659ca3	1408492800	\N	0	t	\N	ACTIVE
2951316dba594e829a40	2025-02-23 00:58:15.887	2025-02-23 00:58:15.887	Dafa Catur Ramadhan	dafa11	$2a$10$8FBQYJ6mDOn6WDRUpBB1LuGSoL.qOdwJtkP9XO6YSHOHAlhcS5FQG	b25660e8b37a44659ca3	1405036800	\N	0	t	\N	ACTIVE
4fa4f209160d4577bd33	2025-02-23 00:58:15.887	2025-02-23 00:58:15.887	Amanda Gemilang Irawan	amanda6	$2a$10$0NZbkn4Pcl3Bjd14CM4vTO9LxiWt4Nuh85BcWOv2LPqZLDGWQzNdm	b25660e8b37a44659ca3	1423180800	\N	0	f	\N	ACTIVE
25ad389893de4f8690f6	2025-02-23 00:58:15.887	2025-02-23 00:58:15.887	Akifa Yasmina Arkarna	akifa4	$2a$10$qzv.7e8.Aaty2lwtgDcI5OkFQyoypGaUZhEsf.O2O3wj4nUEjxcXq	b25660e8b37a44659ca3	1341360000	\N	0	f	\N	ACTIVE
795549b05366453b856f	2025-02-23 00:58:15.887	2025-02-23 00:58:15.887	Ibrahim Arshaka Ransi Alden	ibrahim10	$2a$10$tWaR1/4dokg793kpi9rQa.Pr4sp49965Xo5QuCTcpZNpEWmcgkgmG	b25660e8b37a44659ca3	1455062400	\N	0	t	\N	ACTIVE
bd7a8e99257a43a7806e	2025-02-23 00:58:15.887	2025-02-23 00:58:15.887	Adelia Ninda Saputri	adelia28	$2a$10$bY2ppHUErIDotM38OUEMIeH07JIGJalwNWicTDbzrV5l4.OPfIZ5y	b25660e8b37a44659ca3	1364428800	\N	0	f	\N	ACTIVE
4bd0c9df0da9465598cc	2025-02-23 00:58:15.887	2025-02-23 00:58:15.887	Evelyne Lovie Maria	evelyne25	$2a$10$JNmG9NVnEzz20goVzzc/iesEA1RTyw0dPAnQr/mzksiGQocVMhOAC	b25660e8b37a44659ca3	1366848000	\N	0	f	\N	ACTIVE
2993a3bdda5a4d699511	2025-02-23 00:58:15.887	2025-02-23 00:58:15.887	Alana Putri Juniarta	alana20	$2a$10$xWUTag6jSmNR1SbJHoYj/.uBTJFa5GImuilyYogTt9jYmlz/73Hx6	b25660e8b37a44659ca3	1497916800	\N	0	f	\N	ACTIVE
b93c33324dc3459b8f88	2025-02-23 00:58:15.887	2025-02-23 00:58:15.887	Angellina Willes Putri Anjani	angellina7	$2a$10$nSbSimweymph2lrtcGxF.ucrTa6hqOlsx.MFR8Tpj9HblYiTKQMBa	b25660e8b37a44659ca3	1438905600	\N	0	f	\N	ACTIVE
786cd322512f43e38fb9	2025-02-23 00:58:15.887	2025-02-23 00:58:15.887	Artheta Embun Dahayu	artheta21	$2a$10$2LJJIr2KeXjPcImvGWzx6e1w.BGJmJYIZNs7YUg3b8T55IQyRD9bC	b25660e8b37a44659ca3	1434844800	\N	0	f	\N	ACTIVE
03fd132625294873adab	2025-02-23 00:58:15.887	2025-02-23 00:58:15.887	Earlyta Arsyfa Salsabila	earlyta19	$2a$10$yvFLMy2zxrAIfJqo2w0zxOjk05m36/c9ktVrgngDeanmLLuCrfOvS	b25660e8b37a44659ca3	1431993600	\N	0	f	\N	ACTIVE
6d2c267e72d04d1f9730	2025-02-23 00:58:15.887	2025-02-23 00:58:15.887	Dava Aditya Pratama	dava11	$2a$10$YtlfBlk.JEhXRr/IPyGRIukSM1r4JIx1Veqh75hyAdLojDPwQA.UW	b25660e8b37a44659ca3	1426032000	\N	0	t	\N	ACTIVE
506cbab582c844bd8c48	2025-02-23 00:58:15.887	2025-02-23 00:58:15.887	Kauma Safiya Salsabila	kauma10	$2a$10$0L8RWl0WbtHKDLnR8rWZV.ojO4uD4rErPu552UmA8OuX/KIq2FyoK	b25660e8b37a44659ca3	1433894400	\N	0	f	\N	ACTIVE
55813dae8fab4bdaabea	2025-02-23 00:58:15.887	2025-02-23 00:58:15.887	Novi Jasmin Almarista	novi1	$2a$10$pu7uC9iOyLpi87pMdiBBe.5PXpVGfuERQ7ABhT7oK5dH08Le/JMAK	b25660e8b37a44659ca3	1446336000	\N	0	f	\N	ACTIVE
c6d2514133d648faaae3	2025-02-23 00:58:15.887	2025-02-23 00:58:15.887	Ayla Septia Mulya Putri	ayla12	$2a$10$5GvL31fROtiVDyw5/66n/uvf3l/uG9bZvtYBmG/Hj0g.41qynChGC	b25660e8b37a44659ca3	1442016000	\N	0	f	\N	ACTIVE
68d05b99883645be8abb	2025-02-23 00:58:15.887	2025-02-23 00:58:15.887	Muhammad Zidan Ramadhan	muhammad20	$2a$10$WJ5kgOj1sbOCvLuYzgwquuRuwAP46dDbNDKUGzPbzHghgxEdZQjka	b25660e8b37a44659ca3	1405814400	\N	0	t	\N	ACTIVE
e33ba96cb3b74b73a4cc	2025-02-23 00:58:15.887	2025-02-23 00:58:15.887	Mahdi Salimul Qolbi	mahdi14	$2a$10$8kIzLhL7hdA5lty3IQ3nJebE0vFMwvQdGHmIUnnYZHAh4l3/htdhS	b25660e8b37a44659ca3	1547424000	\N	0	t	\N	ACTIVE
4d7bbf5a8ace4819abaa	2025-02-23 00:58:15.887	2025-02-23 00:58:15.887	Tasya Olivia Maharani	tasya25	$2a$10$lpmWSyissi5kCkjyRlG5iOkLRejcFkMA0cdEjZMNpd6BKxImEgXK.	b25660e8b37a44659ca3	1395705600	\N	0	f	\N	ACTIVE
d04681ebad274a0aa236	2025-02-23 00:58:15.887	2025-02-23 00:58:15.887	Pritha Aura Swastika	pritha17	$2a$10$IfCjBkM35wFimXGqCIsXuedKkXeYkHAVD4z7nrYwSz.pgFmFqI5xa	b25660e8b37a44659ca3	1271452800	\N	0	f	\N	ACTIVE
ac7173b95ddb45fa8309	2025-02-23 00:58:15.887	2025-02-23 00:58:15.887	Allya Putri Pangestu	allya15	$2a$10$g655lsyIf3oOUtdWktN3Ze6rYl1hJvBu8snHfuBVQmTeOXwrqHije	b25660e8b37a44659ca3	1434326400	\N	0	f	\N	ACTIVE
56f3e0be2623479cbf08	2025-02-23 00:58:15.887	2025-02-23 00:58:15.887	Jyesta Dityan Dirgatam	jyesta28	$2a$10$u/tBB79Q/TvPxEvtPRAvCuwRuhWVfgyi3Npynl5rGwgrWfqxy8V5G	b25660e8b37a44659ca3	1335571200	\N	0	t	\N	ACTIVE
72d7a98f66294be0af53	2025-02-23 00:58:15.887	2025-02-23 00:58:15.887	I Kadek Kenzie Arya Mahija Setiawan	kadek23	$2a$10$zXbKFX7r53UaH6KFQCHssOdOOvYO8SbT0yQYercofY7CI/tqFk3s.	b25660e8b37a44659ca3	1356220800	\N	0	t	\N	ACTIVE
3b55530f0c0c4537a996	2025-02-23 00:58:15.887	2025-02-23 00:58:15.887	I Komang Arkana Adhyasta Setiawan	komang29	$2a$10$dFVlIVk22mlFZKQd5CWCnOAo9THvr3hO1CIFuZNWMIELOMG5tVRE.	b25660e8b37a44659ca3	1383004800	\N	0	t	\N	ACTIVE
e7c2f18e2f9b4620a7c3	2025-02-23 00:58:15.887	2025-02-23 00:58:15.887	Asqeiza Dhea Meicha Putri	asqeiza11	$2a$10$3lLCTVi7IxDvpduITYQjaeVvxrVbr9yCIa2Yd7GLt7v/v0Iyqr4fm	b25660e8b37a44659ca3	1431302400	\N	0	f	\N	ACTIVE
313788a06817491ba49a	2025-02-23 00:58:15.887	2025-02-23 00:58:15.887	Muhammad Raskha Ar Razi	raskha25	$2a$10$Bn7mKgzQ7ytHafI1N8hOwOnMltLy20c.GOij7TQSVaxFZZR3opv/K	b25660e8b37a44659ca3	1521936000	\N	0	t	\N	ACTIVE
9d54de00cadb4c379b2d	2025-02-23 00:58:15.887	2025-02-23 00:58:15.887	Tio Khaizuran Abditya Umar Setiyawan	tio2	$2a$10$w7.x3DYDWCGd/CP103ppK.wN/idOgxVf8r1xzC3fhIzg.tFKm.uFi	b25660e8b37a44659ca3	1372723200	\N	0	t	\N	ACTIVE
ad2867ad47e34893befd	2025-02-23 00:58:15.887	2025-02-23 00:58:15.887	Syakira Arzatul Nada	syakira9	$2a$10$0YwxZp2OSMXtpTTPzlA2juZXcd6dj/ZBUgNd2.6urGbhLidUDAtPC	b25660e8b37a44659ca3	1352419200	\N	0	f	\N	ACTIVE
d630fb12cffa4af3a8ed	2025-02-23 00:58:15.887	2025-02-23 00:58:15.887	Laila Miftakhul Jannah	laila15	$2a$10$/MHUP4Hoghw95LRjHe2OO.TSn88QzU/CWTO1IaJX2EmfBwrzX7DdC	b25660e8b37a44659ca3	1337040000	\N	0	f	\N	ACTIVE
35e53f67bb194dc78897	2025-02-23 00:58:15.887	2025-02-23 00:58:15.887	Arya Rizky Pratama	arya10	$2a$10$vdWtS9beWtc7kp94jsVSGecQRP2ByLFvnQ77EG6eFyx2GEPhEwcq6	b25660e8b37a44659ca3	1370822400	\N	0	t	\N	ACTIVE
6550fb73919d4412a226	2025-02-23 00:58:15.887	2025-02-23 00:58:15.887	Fatimatuz Zahra	zahra22	$2a$10$NIHkoZb/1N1tWEBAmL93get.eDlnovtlLf590QD4.jzMZ8ey6Rn9i	b25660e8b37a44659ca3	1361491200	\N	0	f	\N	ACTIVE
337cca4f804a4f678a75	2025-02-23 00:58:15.887	2025-02-23 00:58:15.887	Alrescha Galen Pradita	alrescha21	$2a$10$2yL0yK4cuCcaJRkj5GQVNu4f7i6zKywgEfaGMhpHg/SVQyp30X.qq	b25660e8b37a44659ca3	1516492800	\N	0	t	\N	ACTIVE
57cd620b8a2649139017	2025-02-23 00:58:15.887	2025-02-23 00:58:15.887	Linzya Andi Assegaf	linzya15	$2a$10$HGGIxOhaZP322NntItVtkuOjet1DOpnXVdys0uTj8.U4PDO.WLhYm	b25660e8b37a44659ca3	1523750400	\N	0	f	\N	ACTIVE
04d21113c7bc481db5bb	2025-02-23 00:58:15.887	2025-02-23 00:58:15.887	Assyfa Putri Silmi Afiqah	assyfa31	$2a$10$FFlYboldPe2K90soPUuwk.K6MLALvOk22cwUgHttjEfLOVIXBxb4i	b25660e8b37a44659ca3	1532995200	\N	0	f	\N	ACTIVE
cf988d75db7a404f92e9	2025-02-23 00:58:15.887	2025-02-23 00:58:15.887	Gibran Fatah Ramadhan	gibran16	$2a$10$UpMs7aG1/6oKcYEPSbnX8uJ97OxB2GXEnYtK7L9WJZ6d6hFge4pR.	b25660e8b37a44659ca3	1437004800	\N	0	t	\N	ACTIVE
a7678989bd7646c29b45	2025-02-23 00:58:15.887	2025-02-23 00:58:15.887	Adinda Fatin Safara	adinda25	$2a$10$RdlctHxihXIMMxOEhksxw.8J6s7B2M0HFuMl2Grkq7duK8fgxhDrO	b25660e8b37a44659ca3	1448409600	\N	0	f	\N	ACTIVE
ce299997b69340dc83c4	2025-02-23 00:58:15.887	2025-02-23 00:58:15.887	Sukses Aulia Nisaulhaq 'Indallohusysyah	sukses14	$2a$10$NSUmtHC0MD.CZLFEJ911HOYjgMGHeduSkyrFejQ9gJQuV1Hhjxr9u	b25660e8b37a44659ca3	1423872000	\N	0	f	\N	ACTIVE
ff4a4332965247619e60	2025-02-23 00:58:15.887	2025-02-23 00:58:15.887	Nova Eka Putri	nova18	$2a$10$yW9NY.U78Q.KCCZSDlgkA.hWJV6E3xYG17J225p8iFF2voDjLeFM6	b25660e8b37a44659ca3	1353196800	\N	0	f	\N	ACTIVE
84d330c6ea1447ecad02	2025-02-23 00:58:15.887	2025-02-23 00:58:15.887	Naura Aprilia Putri Susilo	naura5	$2a$10$zOuQAzZJY6aYamrgYbisHOzQvLKYcQWekBql3ZbZQOJy1Bafs1PTO	b25660e8b37a44659ca3	1365110400	\N	0	f	\N	ACTIVE
7fba0520266b4fb48f2e	2025-02-23 00:58:15.887	2025-02-23 00:58:15.887	Basit Abdullah	basit8	$2a$10$TWk0xDDbWDIfo3rIgUX.FOwKVaub9yzSKLnXhuEC5fEziEQETUZZ.	b25660e8b37a44659ca3	1347062400	\N	0	t	\N	ACTIVE
1e3e5be841f54dfda10f	2025-02-23 00:58:15.887	2025-02-23 00:58:15.887	Aura Suci Cahya Ningsih	aura6	$2a$10$yaQTiUT1RlY73KwdzZpD6eVX3kAIfknodBMwqYMaPWm/ttEDNz21i	b25660e8b37a44659ca3	1373068800	\N	0	f	\N	ACTIVE
0432a3273d2c45fc8fa2	2025-02-23 00:58:15.887	2025-02-23 00:58:15.887	Fiandika Tirta Ardani	fiandika21	$2a$10$F5pN6tW59PUgfd0B7DXggO1/shKiZAG/dp2mRnbl8I1mhRCY1cF3q	b25660e8b37a44659ca3	1511222400	\N	0	t	\N	ACTIVE
129d08987dd041fdb208	2025-02-23 00:58:15.887	2025-02-23 00:58:15.887	Citra Kadek Nanda Oktavia	citra14	$2a$10$JW40mjTtb5/usflrg06Yf.XIQKZ4SZEhDmLeNxLuVtz5nbNcSHyeK	b25660e8b37a44659ca3	1413244800	\N	0	f	\N	ACTIVE
d74a7ee347c44c89a884	2025-02-23 00:58:15.887	2025-02-23 00:58:15.887	Reisa Chintya Putri	reisa27	$2a$10$G7bTv/QpOcH9gv/XZcgB2.PVeOc6fJVT0PkfQXc06yYG17N4BvRk.	b25660e8b37a44659ca3	1348704000	\N	0	f	\N	ACTIVE
a0149326c0c74db79a02	2025-02-23 00:58:15.887	2025-02-23 00:58:15.887	Restu Irman Prasetyo	restu26	$2a$10$jOLJf.tV4L8vwVUDRWF9LeyC6P6YLXPH4oaJqpFwaq5/2/CY8uJui	b25660e8b37a44659ca3	1398470400	\N	0	t	\N	ACTIVE
fe6517b0c109431ca713	2025-02-23 00:58:15.887	2025-02-23 00:58:15.887	Zerina Zafira Leonora Hendarto	zerina1	$2a$10$oW8/wX1KOADT2xnxfG2OW.bRZE.otCU7iNDrS.GfqIw38K5.xwGwK	b25660e8b37a44659ca3	1425168000	\N	0	f	\N	ACTIVE
ca81f2ae8b544be99465	2025-02-23 00:58:15.887	2025-02-23 00:58:15.887	Yesa Fitrimanuel	yesa26	$2a$10$SnO3NqvQktvY4kshWKJqF.B37hUj0pJsJbIa..nSgl1eC7CxXMs3S	b25660e8b37a44659ca3	1498435200	\N	0	t	\N	ACTIVE
8c99775b533b482982f1	2025-02-23 00:58:15.887	2025-02-23 00:58:15.887	Caroline Angel Dilovia M	caroline8	$2a$10$SkMr3N7J.clzFjSlxibf9eINrKkh9gfvI10VCqwE37WvCZJenDZOG	b25660e8b37a44659ca3	1373241600	\N	0	f	\N	ACTIVE
5a31d99f2fe9488b9882	2025-02-23 00:58:15.887	2025-02-23 00:58:15.887	Erliano Victoria Amora	erliano25	$2a$10$s3maCOhFLrKe6Qb9fRsnbu08sHL1rBOd5Ke8Y0hHhZoKEKqllBidu	b25660e8b37a44659ca3	1382659200	\N	0	f	\N	ACTIVE
86e46737d27242bca721	2025-02-23 00:58:15.887	2025-02-23 00:58:15.887	Elmosta Ryan Hafiza	elmosta31	$2a$10$p1aM6kUjdQPsf6BkWfGvaeZC6azBLwnVmjkVQLQYXdAgiW6FccIQK	b25660e8b37a44659ca3	1396224000	\N	0	t	\N	ACTIVE
805d9ca4185c4573a7b8	2025-02-23 00:58:15.887	2025-02-23 00:58:15.887	Mucaya Wesya Hawinarsa	mucaya23	$2a$10$tn7Her.ZWq4sACYgHXZtw.xdRv.mPEtJCTTCWSnXvxeSqZCCvg7RK	b25660e8b37a44659ca3	1379894400	\N	0	f	\N	ACTIVE
7d3b1856b6114075841a	2025-02-23 00:58:15.887	2025-02-23 00:58:15.887	Olivia Tri Styani	olivia3	$2a$10$dKevPUSUQRz6wWdjabg4B.V69ChkkUYO42PFHtZDMZPWbQRNN9XiO	b25660e8b37a44659ca3	1380758400	\N	0	f	\N	ACTIVE
5c96b1cf3ec14ab18c75	2025-02-23 00:58:15.887	2025-02-23 00:58:15.887	Wenzhe Ayu Werdhyasa	wenzhe19	$2a$10$KsHTzf1HxI0LQZuC.jGDduELPTBZd1tRN.HbynYK6SVHHgQmbfUOC	b25660e8b37a44659ca3	1524096000	\N	0	f	\N	ACTIVE
7ef79fd30e5b422b8d64	2025-02-23 00:58:15.887	2025-02-23 00:58:15.887	Ferdiyan Marcellino	ferdiyan8	$2a$10$hjEkihrGGFOjC.edW2IGi.p4QHTjX6bGu0EAJNK.Do0C6ZEA/Figi	b25660e8b37a44659ca3	1373241600	\N	0	t	\N	ACTIVE
9342ea4aa50e48ae99cf	2025-02-23 00:58:15.887	2025-02-23 00:58:15.887	Almahira Purnama	almahira13	$2a$10$VSH7RMraV4dgh0RKNFqL8OeA.bwe0cDJIcq0rIdZtCOvH4FlU5L5S	b25660e8b37a44659ca3	1418428800	\N	0	f	\N	ACTIVE
e6b7a536394949a089a5	2025-02-23 00:58:15.887	2025-02-23 00:58:15.887	Allan Syahputra	allan15	$2a$10$bl2Zn/tyKoKXIdEtzR3kFeUfiss3163b/l8CzCDN.JdEXPtXrl1tm	b25660e8b37a44659ca3	1510704000	\N	0	t	\N	ACTIVE
04a5619835d449f49cc0	2025-02-23 00:58:15.887	2025-02-23 00:58:15.887	Imelda Natasha Maharani	imelda10	$2a$10$3Tdfw5se8qr09BvqJcQ6E.0oBy5ex06xZ16AW.uDz7IofXzs36veS	b25660e8b37a44659ca3	1478736000	\N	0	f	\N	ACTIVE
6be240c27b744ba69fc4	2025-02-23 00:58:15.887	2025-02-23 00:58:15.887	Candrasa Purnama	candrasa14	$2a$10$ED55KjyVy4VO0OTq5AIt5uhMwVyfm8w0wA6LVxAcK362t4hsYqDZO	b25660e8b37a44659ca3	1552521600	\N	0	t	\N	ACTIVE
478a8421e73744478aaa	2025-02-23 00:58:15.887	2025-02-23 00:58:15.887	Malika Khairish Ufaira	malika4	$2a$10$YWx9AKEOLdyPu/iAQsO0buMKlu7M03rrrj4etIsZWSQE/p02P4htW	b25660e8b37a44659ca3	1425427200	\N	0	f	\N	ACTIVE
96c325baa224482d81d6	2025-02-23 00:58:15.887	2025-02-23 00:58:15.887	Beby Aulia Salsabila Prastia	beby10	$2a$10$DIFi3m57Kgz6tD2y4cZrnuqUtl8LEnZfWqkV/sm4ZUfZOAqxhANGu	b25660e8b37a44659ca3	1449705600	\N	0	f	\N	ACTIVE
4e4914c8cb1c4c52ab35	2025-02-23 00:58:15.887	2025-02-23 00:58:15.887	Jerinx Arjuna Arka Prasetya	jerinx9	$2a$10$3xVGRrxLM5wHvx7xYkEtRea74aMIuwwrmBpYiAsxkJhnp1DQ17J4S	b25660e8b37a44659ca3	1425859200	\N	0	t	\N	ACTIVE
3c567a3a5e8343dfa05d	2025-02-23 00:58:15.887	2025-02-23 00:58:15.887	Juwita Agustin	juwita1	$2a$10$Et1VVuY8LNSLEfviXA12eu/XnVWBRoLzcucT2EVEPHY1oYzTJQX7O	b25660e8b37a44659ca3	1435708800	\N	0	f	\N	ACTIVE
faf3ee2b289d4d72ab42	2025-02-23 00:58:15.887	2025-02-23 00:58:15.887	Aqilla Syafa Khairunnisa	aqilla2	$2a$10$volFXJf3F6S0gThlopK6mOFsjIz6EyB3nOQsFFuNAnmWEJ/Eg4bM6	b25660e8b37a44659ca3	1464825600	\N	0	f	\N	ACTIVE
5054495e28ca4f2f9b9c	2025-02-23 00:58:15.887	2025-02-23 00:58:15.887	Maulida Humaira Az Zahra	maulida29	$2a$10$VkuP.yQTtnwjK758xjVfa.oMvM2RpCLRzLzK.nEWOhn6Tvua6zPym	b25660e8b37a44659ca3	1432857600	\N	0	f	\N	ACTIVE
d26dc36e99ea4dafb180	2025-02-23 00:58:15.887	2025-02-23 00:58:15.887	Hazmi Azka Warli Afham	hazmi4	$2a$10$kGlf0A.7o6pz8tiCGTWj3e0Ris7sGnFZ/0hTDw.rRj/9WzXHzVc6a	b25660e8b37a44659ca3	1430697600	\N	0	t	\N	ACTIVE
d99412a3765d4c368529	2025-02-23 00:58:15.887	2025-02-23 00:58:15.887	Azmi Rizky Ramadhani	azmi3	$2a$10$wr6Am1UQ5gac/0MguZ4uoOrol6Xu8H3chZJEVsbpZ4USAR89bXTYa	b25660e8b37a44659ca3	1372800000	\N	0	t	\N	ACTIVE
1014cac24edf49408b3a	2025-02-23 00:58:15.887	2025-02-23 00:58:15.887	Deskia Zydan Fardhani	deskia30	$2a$10$eD1aHwBEm042xaKJT/U4a.w6vNEUF/KR/oyB2UwJQgPnZAa5/x85W	b25660e8b37a44659ca3	1356825600	\N	0	t	\N	ACTIVE
73c62c32243f41b9960b	2025-02-23 00:58:15.887	2025-02-23 00:58:15.887	Risa Naura Nafisa	risa17	$2a$10$CgZdehL0/jDeyr2KyimeV.ew9RDO/d3e/PjoU8jMaGUGK3XQvW4JS	b25660e8b37a44659ca3	1455667200	\N	0	f	\N	ACTIVE
592452e8afec45ff887a	2025-02-23 00:58:15.887	2025-02-23 00:58:15.887	Adriel Alfarizzio	adriel19	$2a$10$rHvcyW6fiEbixwIXV0/pNu/NlbPuX5pKkLFN9X5sT2EafoTvb.fRe	b25660e8b37a44659ca3	1376860800	\N	0	t	\N	ACTIVE
37c0405978fc4369a106	2025-02-23 00:58:15.887	2025-02-23 00:58:15.887	Arkha Wafa Aidan	arkha23	$2a$10$d3eEklHN3I.cjRAk1Ez6DOqwLLpcVaubLBaA45afY/wLsgGk1NXVi	b25660e8b37a44659ca3	1445558400	\N	0	t	\N	ACTIVE
d0f17837e41b4973839a	2025-02-23 00:58:15.887	2025-02-23 00:58:15.887	Putra Anjasmara	putra28	$2a$10$.rxjotKsHtG9qSY2MSrv.u9wY4uGGb/H36WQ1O4VrTi7y385jvMGC	b25660e8b37a44659ca3	1332892800	\N	0	t	\N	ACTIVE
7dbd75602fed481e869a	2025-02-23 00:58:15.887	2025-02-23 00:58:15.887	Allvina Carolista Putri Sugito	allvina23	$2a$10$DQsPJzva/lYes1z00yQIEuK.OYW4R/3aZNXclmYMxwvh7.yJ6YNta	b25660e8b37a44659ca3	1427068800	\N	0	f	\N	ACTIVE
088c924747944e2996d4	2025-02-23 00:58:15.887	2025-02-23 00:58:15.887	Silvia Evita Fitri	silvia25	$2a$10$YO/7EkqffJpH1YYaD/bfEu6K522myq6h.j19axKXo.MwszfraJaIm	b25660e8b37a44659ca3	1498348800	\N	0	f	\N	ACTIVE
df0cb71b811d4a4794f6	2025-02-23 00:58:15.887	2025-02-23 00:58:15.887	Revan Ksatria Wicaksono	revan7	$2a$10$XAoQbATfxTbmsiKa0y1B0.oF.Ny5rkRmAOsIhZ2I3M.uXodPsNbIi	b25660e8b37a44659ca3	1383782400	\N	0	t	\N	ACTIVE
735d290761084761abca	2025-02-23 00:58:15.887	2025-02-23 00:58:15.887	Najwa Arsyfa Twinki	najwa23	$2a$10$qwxNpUgFKluAia/BS75O4.SdQBLzqEdzoQgsSxRbiMsAUTUJlI2nu	b25660e8b37a44659ca3	1411420800	\N	0	f	\N	ACTIVE
9337fae2c79443269b75	2025-02-23 00:58:15.887	2025-02-23 00:58:15.887	Fico Artan Fazila	fico7	$2a$10$bMcW.ehWCzQm6F.7lTY..u/WdpJXpS8I56ZlBputBXd1fvGHBv39y	b25660e8b37a44659ca3	1375833600	\N	0	t	\N	ACTIVE
2711fd8b27734f078c10	2025-02-23 00:58:15.887	2025-02-23 00:58:15.887	Zhizy Maylla Winekhda	zhizy2	$2a$10$Rokzlehr4P7akMC.sFHqluvwKV1uKYc4wTCVBTBZeEmqqLtNC1Tl.	b25660e8b37a44659ca3	1398988800	\N	0	f	\N	ACTIVE
97cb717cebbc419bb679	2025-02-23 00:58:15.887	2025-02-23 00:58:15.887	Ilham Al Fatih	ilham18	$2a$10$7x2MG6tDyYR0PtDqLd1BVeSvWwicYohuhJqi5fUDQM/yf.qz6wtYK	b25660e8b37a44659ca3	1410998400	\N	0	t	\N	ACTIVE
2a5f8bba27024c0f8535	2025-02-23 00:58:15.887	2025-02-23 00:58:15.887	Denta Faust Christ Hopper	denta16	$2a$10$uMuZBhKJzym6zKwmwjgyJecU0iqAdA.8EY6RwqCjYCLgQG6Ec8kmO	b25660e8b37a44659ca3	1384550400	\N	0	t	\N	ACTIVE
2a14c11823234d0b9cc8	2025-02-23 00:58:15.887	2025-02-23 00:58:15.887	Evelyn Nafla Syakira Hafid	evelyn6	$2a$10$A5qBlbc1ZHvXDbK0f/Xx7eQbWJv.OIqYaZfRUei7kQUwTkKLYKMQS	b25660e8b37a44659ca3	1388966400	\N	0	f	\N	ACTIVE
3a56c7982b91439482c1	2025-02-23 00:58:15.887	2025-02-23 00:58:15.887	Adam Zacki Awanda	adam3	$2a$10$G8dmbf/AqyYgI0JkuuTxKOQwxURvvkAfE9zx/zvuYCOz363FqprfO	b25660e8b37a44659ca3	1428019200	\N	0	t	\N	ACTIVE
f091a8865ead491788ae	2025-02-23 00:58:15.887	2025-02-23 00:58:15.887	Rasendriya Jenara Detasura	rasendriya8	$2a$10$1FWhPh2i0lmxgwcaHUSpyutlGVncVSLtz8drO2XJtc19GnZa0B3/O	b25660e8b37a44659ca3	1383868800	\N	0	t	\N	ACTIVE
f9b3a3ca588e4168bf79	2025-02-23 00:58:15.887	2025-02-23 00:58:15.887	Indira Azzalea Azzahra	indira18	$2a$10$c40htF2vPavHj15ppEzCyeFl2lGqktarj3u4IJSaeeZ3SoYcjIvp2	b25660e8b37a44659ca3	1450396800	\N	0	f	\N	ACTIVE
0419ecf336874d139456	2025-02-23 00:58:15.887	2025-02-23 00:58:15.887	Talitha Nada Salsabilah	talitha6	$2a$10$1/1gisa4.A.616pi7oBXw.9.CB48FsK.y2q4SGENqVfhYMh8aCuoC	b25660e8b37a44659ca3	1346889600	\N	0	f	\N	ACTIVE
71b51b9ab551423d91f2	2025-02-23 00:58:15.887	2025-02-23 00:58:15.887	Levardo Abyan Nandana	levardo1	$2a$10$T.WIYjnSiTSfA1fSL0o.QegtvrBErDmD/W.A6Eab4GtSKYhIYvcF.	b25660e8b37a44659ca3	1441065600	\N	0	t	\N	ACTIVE
21c7042f98ff45e1bab9	2025-02-23 00:58:15.887	2025-02-23 00:58:15.887	Ananda Zulliant Samsudin	ananda19	$2a$10$8Bu3dwq3R94OF32hgahKeOZwpJGP1rGNeeBZOv5YuTaRmFVVtKLWu	b25660e8b37a44659ca3	1392768000	\N	0	t	\N	ACTIVE
7cd57736ece140dc83b5	2025-02-23 00:58:15.887	2025-02-23 00:58:15.887	Naufal Afkar Novanto	naufal3	$2a$10$cGWRaVOOXZH4ExYZ1apSR.Dvp/PFD/YwevV3a7hGn2VXqwSCPugnG	b25660e8b37a44659ca3	1499040000	\N	0	t	\N	ACTIVE
51e66fc7f26345ccb2d1	2025-02-23 00:58:15.887	2025-02-23 00:58:15.887	Raffa Yudha Widdy Syahputra	raffa9	$2a$10$mtAP3YbeKNA1REnVU6NQE.rztmGgp7DRlKfj7MnWx64DeI5jynuui	b25660e8b37a44659ca3	1357689600	\N	0	t	\N	ACTIVE
80aecdef51964ffca391	2025-02-23 00:58:15.887	2025-02-23 00:58:15.887	Ahmad Revan Deo Setiawan	ahmad1	$2a$10$D02xsIkihNBc1ljTLGz5W.RjZ1xwFI5SPzpv0B73z28JE.Qn8mea6	b25660e8b37a44659ca3	1370044800	\N	0	t	\N	ACTIVE
3cd4b0f544054ee4ac6a	2025-02-23 00:58:15.887	2025-02-23 00:58:15.887	Anas Ma'Ruf Fuadi	anas7	$2a$10$Rjv5zFH9f.jcp6X89JugJOYXCWBZ/w97Z0mabUQ82yWYrPC0TWSHC	b25660e8b37a44659ca3	1381104000	\N	0	t	\N	ACTIVE
7b4afc2b825343ed8588	2025-02-23 00:58:15.887	2025-02-23 00:58:15.887	Natasya Sinta Audyana	natasya13	$2a$10$c9mqXAQNMJnxVumxQeU6JOvTpvjVHjvdKi6NQSvwgH3Cc/U1Gy7qe	b25660e8b37a44659ca3	1379030400	\N	0	f	\N	ACTIVE
033a70d208b14789950f	2025-02-23 00:58:15.887	2025-02-23 00:58:15.887	Kenzio Fabian Alby Ahmed	kenzio1	$2a$10$Nkh8xESSgFaHl4XsrJCmOumt6h1B.9OslvXh2YT93AKeYPTWoIqCC	b25660e8b37a44659ca3	1359676800	\N	0	t	\N	ACTIVE
1df2d123c8ff4c0f9375	2025-02-23 00:58:15.887	2025-02-23 00:58:15.887	Ashila Rhea Aninda	ashila26	$2a$10$epzdSdX7yht9/KAb/Dc9juMwkQ.mbfbjgBbo1iI3jTMSf2xqUqj1u	b25660e8b37a44659ca3	1456444800	\N	0	f	\N	ACTIVE
5c659cab5c0b4c0d92e6	2025-02-23 00:58:15.887	2025-02-23 00:58:15.887	Bella Zuhrifa Naurinnisa	bella12	$2a$10$qffVcokf0F2S/R6hHA9i..wtB3MFrLLeeW7SRn8METBwK7hZS6/N6	b25660e8b37a44659ca3	1336780800	\N	0	f	\N	ACTIVE
37ccacf3cb1d4b5ba469	2025-02-23 00:58:15.887	2025-02-23 00:58:15.887	Bryan Alfarizqi Fajar Basuki	bryan16	$2a$10$f58UrZmZn41SK8Xgj3RoMuXD0g4tVSC4d06PLOWWLFhNcOhvFrtt6	b25660e8b37a44659ca3	1513372800	\N	0	t	\N	ACTIVE
375c5adc9eab4b0383c5	2025-02-23 00:58:15.887	2025-02-23 00:58:15.887	Dicky Bagus Ramadhan	dicky22	$2a$10$fyAvWFhvMMwngH1NaRRg2.l2bc8j/rxvEWJYQwyTJ4aAjOewVlYKW	b25660e8b37a44659ca3	1498089600	\N	0	t	\N	ACTIVE
76f88d5e7849408cb5e4	2025-02-23 00:58:15.887	2025-02-23 00:58:15.887	Reveline Anindya Zahira	reveline6	$2a$10$lrAUY7wSwAhhBd7lzG/WKOq33Ujssp6cfTPtYkinWI364tcn8iTE6	b25660e8b37a44659ca3	1412553600	\N	0	f	\N	ACTIVE
d6e0bb7a2319411cb64e	2025-02-23 00:58:15.887	2025-02-23 00:58:15.887	Fayyola Arumi Yahya	fayyola7	$2a$10$VgYgVPZa6isZaJBDFG8oiO87qUw767gfjAU5tnfroixhLrGvvQnle	b25660e8b37a44659ca3	1530921600	\N	0	f	\N	ACTIVE
ed7ce66c10b745cd9154	2025-02-23 00:58:15.887	2025-02-23 00:58:15.887	Azahra Lailatul Fitria	azahra8	$2a$10$NfpLQcOHL9ziTkNU1KMqiO2QL9nBa8/VWZdon.tDRxCP.6mGa5FNC	b25660e8b37a44659ca3	1375920000	\N	0	f	\N	ACTIVE
1cd4708a2b774af1b49f	2025-02-23 00:58:15.887	2025-02-23 00:58:15.887	Ernest Milano Azka	ernest15	$2a$10$8daLtpOqDPwAc6ujw2LyZOf1ZwHxXTgN7c7HuCogPnS4tTf1lMtpW	b25660e8b37a44659ca3	1521072000	\N	0	t	\N	ACTIVE
7e632c98515f41d89ae1	2025-02-23 00:58:15.887	2025-02-23 00:58:15.887	Aulia Zety Fadilla	aulia9	$2a$10$CuJ7yea84qkjIB1i2kadkOUVPZ1AHfNpM1Y1cvC6aAEUBFNc7EeFq	b25660e8b37a44659ca3	1286582400	\N	0	f	\N	ACTIVE
3ca52417c73649928695	2025-02-23 00:58:15.887	2025-02-23 00:58:15.887	Nadira Pramesti Arsyka Sari	nadira9	$2a$10$8FOdtZybROCN/o3Bn9GBjedad1.SaGxM0/SG8KuQCWKfJw/9qdTGi	b25660e8b37a44659ca3	1294521600	\N	0	f	\N	ACTIVE
1e1b8ec5caf547a6abe7	2025-02-23 00:58:15.887	2025-02-23 00:58:15.887	Moh. Febbian Azka Maulana	moh25	$2a$10$DMQkp0Gj/ND/IcLZ5IrXr.MQ65.LtUFy5OoAnFQFVLBpIbEUK2CBm	b25660e8b37a44659ca3	1424822400	\N	0	t	\N	ACTIVE
1049c3fe561140fd941c	2025-02-23 00:58:15.887	2025-02-23 00:58:15.887	Kenzie Aldavi Risqy Wijaya	kenzie13	$2a$10$WGjll2PYAqZh0bZqrmfTqu4kKKgpn08Kti9sPn9HxJCT1kBoV1y3y	b25660e8b37a44659ca3	1492041600	\N	0	t	\N	ACTIVE
307fbd721345416eb17c	2025-02-23 00:58:15.887	2025-02-23 00:58:15.887	Wahyu Bathara Banyugeni	wahyu30	$2a$10$9EAIlhPRRegUjNbJ/uFzueBhuQnA9WmznV74Du.HkfRAwf.XpoA.u	b25660e8b37a44659ca3	1527638400	\N	0	t	\N	ACTIVE
88f81cccd0124a5fb9bd	2025-02-23 00:58:15.887	2025-02-23 00:58:15.887	Khalif Eka Hadi	khalif14	$2a$10$iB3IuzA4.IZHwjsaOwSTguaQ6UToMnx917XIsU2D2IqBX0gzQEsp.	b25660e8b37a44659ca3	1520985600	\N	0	t	\N	ACTIVE
63e3d899eb334f139724	2025-02-23 00:58:15.887	2025-02-23 00:58:15.887	Safina Alya Masruroh	safina15	$2a$10$nA/k4yIKdQBI0/6YURUnqeIv0xkGy52wmj0cZDieh2C3zyUOVF7.O	b25660e8b37a44659ca3	1363305600	\N	0	f	\N	ACTIVE
c5f73dd402b640cc81de	2025-02-23 00:58:15.887	2025-02-23 00:58:15.887	Cahya Mikailla Ayundi	cahya29	$2a$10$VmAsNYboHVWAhtqmzceU3.8rblkHj32N.xj.V1DK7GDkkZo0E/Zbi	b25660e8b37a44659ca3	1440806400	\N	0	f	\N	ACTIVE
a9e31ff78116477884c1	2025-02-23 00:58:15.887	2025-02-23 00:58:15.887	Alvaro Tsaqib An-Nizam	alvaro20	$2a$10$.xiwzEQl3weFN2tK6FE86OmWkiItR3dtEo2AMYKrGa8h0sFUY9uYa	b25660e8b37a44659ca3	1426809600	\N	0	t	\N	ACTIVE
7e87570a50924d8d80a0	2025-02-23 00:58:15.887	2025-02-23 00:58:15.887	Dylan Afansyah Iratno	dylan11	$2a$10$rpGr/BOAOxzVy5aZezj6BON8MaahSmOtJJu6uAkCyQyyxCEdqg86S	b25660e8b37a44659ca3	1276204800	\N	0	t	\N	ACTIVE
a53de74bfd8d4e08b8d4	2025-02-23 00:58:15.887	2025-02-23 00:58:15.887	Anindito Alvaro Gavriel	anindito2	$2a$10$reu1qyjSw3joKg72fbEieOpjOKlM9p02xujZwuVaPmTi12aSE3taG	b25660e8b37a44659ca3	1491091200	\N	0	t	\N	ACTIVE
810608c605564bafbfe5	2025-02-23 00:58:15.887	2025-02-23 00:58:15.887	Vanesya Elvira	vanesya5	$2a$10$HOcgW9A8CaJhik/vVuTp1e5Hb73MTuxvh4uBpEODohoWb3ZhR.yv.	b25660e8b37a44659ca3	1512432000	\N	0	f	\N	ACTIVE
95cab80193e54ed58712	2025-02-23 00:58:15.887	2025-02-23 00:58:15.887	Revian Dwi Dermawan	revian3	$2a$10$7z5L79Ob96qp7L8i609NheM/QZyMztK/bpAYcpfOQAjJTHl.9J5Ee	b25660e8b37a44659ca3	1499040000	\N	0	t	\N	ACTIVE
2eb3724af4b440abb481	2025-02-23 00:58:15.887	2025-02-23 00:58:15.887	Makayla Zevanna Nanda Riyanto	makayla15	$2a$10$L5kNwnK6QerCWDH8K1LRhO418ztCX0re8Fa0Gh/o4uyldizNen2t.	b25660e8b37a44659ca3	1497484800	\N	0	f	\N	ACTIVE
62212291fb3c4fdfa7d6	2025-02-23 00:58:15.887	2025-02-23 00:58:15.887	Mikhayla Qinansyah Andiyono	mikhayla7	$2a$10$jWCMIBq494iZLvFqCHluZu8adTk0fQ7TkezBE9b67ObGQGGLbL/J6	b25660e8b37a44659ca3	1502064000	\N	0	f	\N	ACTIVE
15dc885583c7496aacd3	2025-02-23 00:58:15.887	2025-02-23 00:58:15.887	Elyusa Alvino Aquila	elyusa8	$2a$10$29/5GsV0PXBuHv/kyc33ROSy1apeKObcb1Z/xSXejglR/sBFod1JW	b25660e8b37a44659ca3	1491609600	\N	0	t	\N	ACTIVE
d1e9ccf38bd7415eba12	2025-02-23 00:58:15.887	2025-02-23 00:58:15.887	Felysia Adzkiya Wilona	felysia27	$2a$10$dIpI37gko0JT1QadE.YP0.wJByFqwweKbqOxiX7873e8G4EuEBVOG	b25660e8b37a44659ca3	1506470400	\N	0	f	\N	ACTIVE
8653e67fb16a4745937a	2025-02-23 00:58:15.887	2025-02-23 00:58:15.887	Arsen Avshalom Nugroho	arsen4	$2a$10$.pz8X5misO.WjG16QL/zr.Sl1GR/4f7oyq9dWz1CmYdEc4PaMcxAS	b25660e8b37a44659ca3	1467590400	\N	0	t	\N	ACTIVE
7221b1a63e84454c89d6	2025-02-23 00:58:15.887	2025-02-23 00:58:15.887	Nagita Zahra Olivia	nagita15	$2a$10$t0Y0au344rKVMS.Ova9CIuGolZJtX4v4SN9MqwBEVLf/nbJj3GK3y	b25660e8b37a44659ca3	1473897600	\N	0	f	\N	ACTIVE
41d9eb84e40a459c8359	2025-02-23 00:58:15.887	2025-02-23 00:58:15.887	Kayana Giovany Putra Kristanto	kayana2	$2a$10$gVAeQ5SSUI/qvs4liDebMu1p2jtqqNi1sqBv63MtZOUH.nTZz1g/S	b25660e8b37a44659ca3	1422835200	\N	0	t	\N	ACTIVE
49992f202ea84c2aa087	2025-02-23 00:58:15.887	2025-02-23 00:58:15.887	Afifah Candra Dewi	afifah14	$2a$10$ClA5vhhk9o.nqoCr/stc4ut.gNVjfh5gm4RCwwPxvpySv9PUC1Hye	b25660e8b37a44659ca3	1434240000	\N	0	f	\N	ACTIVE
29355e9114894f7fb830	2025-02-23 00:58:15.887	2025-02-23 00:58:15.887	Putri Sofiyani	putri1	$2a$10$UdbZtTbi0TxXsruIu0erMeem4UiIQOXkdpVHb2MvfDmia7bDthmly	b25660e8b37a44659ca3	1433116800	\N	0	f	\N	ACTIVE
4e6f9a21d3ec4efeac13	2025-02-23 00:58:15.887	2025-02-23 00:58:15.887	Alina Arva Damara	alina11	$2a$10$I/4cBFAxK8vx65ITcDMY0.80RdqNx1EQNIpymYzHjcWqy.sd7OZA6	b25660e8b37a44659ca3	1457654400	\N	0	f	\N	ACTIVE
812b583718374fc1b109	2025-02-23 00:58:15.887	2025-02-23 00:58:15.887	Grecia Emeli Cristel	grecia12	$2a$10$yCQkUy/jg1rVwEPZ.w7tKuwTDiBrueOATmRPNOPL4PBHXVQB./6pu	b25660e8b37a44659ca3	1468272000	\N	0	f	\N	ACTIVE
977448cf69d04de498ef	2025-02-23 00:58:15.887	2025-02-23 00:58:15.887	Khairana Azkiya Latief	khairana30	$2a$10$yvr43TjIoDY6bfebl.fXNuWlBIJabciIgWF1t.Tgu.EhBlLCR2hzC	b25660e8b37a44659ca3	1454112000	\N	0	f	\N	ACTIVE
522f927fb1dd4b229106	2025-02-23 00:58:15.887	2025-02-23 00:58:15.887	Sherina Ayundia Maharani	sherina4	$2a$10$akiW0VU1Tr7Ced7h3e4CnOgM1kGFyYoeP3Cp/FnJKghTb8p3tCQq.	b25660e8b37a44659ca3	1449187200	\N	0	f	\N	ACTIVE
a93c72f61f0b42599c5e	2025-02-23 00:58:15.887	2025-02-23 00:58:15.887	Nadira Rizki Khairunnisa	nadira23	$2a$10$ZitDSxVbR2/X7lBB9aKmZu6GcCrtWi2iOOPFH0Id8EbfVN2pojPVq	b25660e8b37a44659ca3	1448236800	\N	0	f	\N	ACTIVE
9860aed94c394829bb2b	2025-02-23 00:58:15.887	2025-02-23 00:58:15.887	Mikhael Trystan Christidar	mikhae26	$2a$10$Ij1.zHdlbOV0fiEU/lbm4.P8glrQ0/u1tBZvv7Cc0HBhP7mV7IpCy	b25660e8b37a44659ca3	1427328000	\N	0	t	\N	ACTIVE
720d6d188e51493b9da5	2025-02-23 00:58:15.887	2025-02-23 00:58:15.887	Tristan Aditya Pratama	tristan16	$2a$10$FWfXNOOG7iHyqaiBTG5cK.Cvl1YW8lz.6NiDURvmqE.WOzwDlP1Qa	b25660e8b37a44659ca3	1742083200	\N	0	t	\N	ACTIVE
61a4543e5ca447a3a1a1	2025-02-23 00:58:15.887	2025-02-23 00:58:15.887	Dyland Nada Satria Brahmantyanomo	dyland28	$2a$10$opuMypL/L8XUVyeeZpoiau0viPw1Uhbiq0aWBxo3xCyJ2iLaVP.hy	b25660e8b37a44659ca3	1435440000	\N	0	t	\N	ACTIVE
8c2083dd6b574a34abbb	2025-02-23 00:58:15.887	2025-02-23 00:58:15.887	Kenzie Alfariel Sucipto	kenzie14	$2a$10$qjNN/99QICfKApKbpI.e8.3me9n.MrO0p9SKGdmefOliM3QaKuIdW	b25660e8b37a44659ca3	1460592000	\N	0	t	\N	ACTIVE
22f151749b2e45e39f41	2025-02-23 00:58:15.887	2025-02-23 00:58:15.887	Mirza Hasbullah	mirza19	$2a$10$ywgHRmG7HqB0iIoAEApzDedTN..R6ISV3CwnXd0iMSSJwd2hvUQ7.	b25660e8b37a44659ca3	1437264000	\N	0	t	\N	ACTIVE
2b1d7aeeaa16409cbb4f	2025-02-23 00:58:15.887	2025-02-23 00:58:15.887	Orryza Aurellitha	orryza9	$2a$10$4Zafr2nx61pyiw1SiC.ZG.aYlAkHt9reZhWHl/pV1qiDp0kv1KTBO	b25660e8b37a44659ca3	1391904000	\N	0	f	\N	ACTIVE
93c9b0763ff64c06bd5c	2025-02-23 00:58:15.887	2025-02-23 00:58:15.887	Bilqueen Najwa Azzahra	bilqueen25	$2a$10$LX750Mdw0uQ.5qFYjrBC1.eTpVakZY9uRoIbME.QCc12Z/dKrjw5i	b25660e8b37a44659ca3	1395705600	\N	0	f	\N	ACTIVE
ecb32a7cbc464766963a	2025-02-23 00:58:15.887	2025-02-23 00:58:15.887	Felicia Dahayu	felicia18	$2a$10$GI3ml.We.7gxPbEf36FnzOLWgJk9ldgVnmfY9cLR/40yS9zPxmNvy	b25660e8b37a44659ca3	1340323200	\N	0	f	\N	ACTIVE
996162ed1c2641e696db	2025-02-23 00:58:15.887	2025-02-23 00:58:15.887	Aulia Ratifa Hana Sasmito	aulia17	$2a$10$wuLHa2mLDtvB4e/bQmUWi.hLnLF9Rqd3DnPzm1RRb0tINmeJxPvO2	b25660e8b37a44659ca3	1347840000	\N	0	f	\N	ACTIVE
cb5c95de05ad4fa6a8bc	2025-02-23 00:58:15.887	2025-02-23 00:58:15.887	Anjani Aditya Putri	anjani22	$2a$10$F4mae8Nzes3BVSxT8B0AxuIIPoT5xpXhi6Nyue87Avwsjv.BoPbpe	b25660e8b37a44659ca3	1366588800	\N	0	f	\N	ACTIVE
fb74794839714340b88a	2025-02-23 00:58:15.887	2025-02-23 00:58:15.887	Shalsabila Kirana Larasati	shalsabila28	$2a$10$qNpuu3HvaUQ.6o2anaNzg.Ujh0I7kiYdddPhHgo/44Ot5GxWDIWNq	b25660e8b37a44659ca3	1452297600	\N	0	f	\N	ACTIVE
4fac93bf932a4473aba3	2025-02-23 00:58:15.887	2025-02-23 00:58:15.887	Mikayla Addara	mikayla18	$2a$10$KuvcLAdb5DCvA2.p0WbV5OWVsGXfPSFuCHx1yDHsi/kFVzix29nLe	b25660e8b37a44659ca3	1484697600	\N	0	f	\N	ACTIVE
3b2c9594181e4714b48c	2025-02-23 00:58:15.887	2025-02-23 00:58:15.887	Rafandra Asyraf Albyantara	rafandra21	$2a$10$kMkIgFx5BoH3x1L.gpXlw.scivdagLMjtttdzX6kTqdgX5Zjrq93G	b25660e8b37a44659ca3	1532131200	\N	0	t	\N	ACTIVE
2a7237cca6ca43008c3c	2025-02-23 00:58:15.887	2025-02-23 00:58:15.887	Agni Avanthika Sevanthi	agni17	$2a$10$Ts/aUqdsSWziBdAB.o4yGukSgzxMZY.2xyorRIyCmOm5I7iZjzUSC	b25660e8b37a44659ca3	1416182400	\N	0	f	\N	ACTIVE
3d2152c2244b4d719204	2025-02-23 00:58:15.887	2025-02-23 00:58:15.887	Syafira Aqila Putri Hartawan	syafira31	$2a$10$vvvwzveoggYlwxNDDKzK4.Eq8Kvkwmd6g7uJHLHcHL6guWWO7Fm3S	b25660e8b37a44659ca3	1422921600	\N	0	f	\N	ACTIVE
04d6cc80104744ea8445	2025-02-23 00:58:15.887	2025-02-23 00:58:15.887	Verly Febriyanti	verly10	$2a$10$udGvtjfXOn7CapYL0Ku74.ubVNRGl8bT3B253HMH3vw7PVqXMh7g.	b25660e8b37a44659ca3	1739145600	\N	0	f	\N	ACTIVE
0496155a61ed4e00a728	2025-02-23 00:58:15.887	2025-02-23 00:58:15.887	Aiko Mayreene Yezkyel	aiko4	$2a$10$oenUjwrDnb0xBcJSG..G0eO4etKVk3qpm7ZPect9K917XnE2ujuG2	b25660e8b37a44659ca3	1462406400	\N	0	f	\N	ACTIVE
38379e3a191045f6aa1a	2025-02-23 00:58:15.887	2025-02-23 00:58:15.887	Mohammad Difi Hidayat	mohammad13	$2a$10$ZxkN0/RhVNzILgjRwHu1GO8..3C8RqOzrSnILUIdMyl/01uiBLk32	b25660e8b37a44659ca3	1486944000	\N	0	t	\N	ACTIVE
6447463ca9974f0dac45	2025-02-23 00:58:15.887	2025-02-23 00:58:15.887	Dede Darma Puji Santoso	dede14	$2a$10$FiEmy3b1M3L8tDS63NzTtuPj60P/SlxoxhpEvz3WLqCpwgD4nvzG6	b25660e8b37a44659ca3	1355443200	\N	0	t	\N	ACTIVE
0513c54655f44ab0bae7	2025-02-23 00:58:15.887	2025-02-23 00:58:15.887	Dista Sherina Putri	dista31	$2a$10$J/QKT.6BIjT/0vV3gB2zM.y/0bhbBBo.gbj.70glTzV2QZf1ZDjyO	b25660e8b37a44659ca3	1375228800	\N	0	f	\N	ACTIVE
eefeeed2d2dd43718707	2025-02-23 00:58:15.887	2025-02-23 00:58:15.887	Firda Saskia Dewi	firda15	$2a$10$LTgxIdLmVW77aSAEB3GPhOS88zpGTr0N9ewa1k/mTruBLB.nmWopy	b25660e8b37a44659ca3	1355529600	\N	0	f	\N	ACTIVE
cf7e301fb2f543ac84e7	2025-02-23 00:58:15.887	2025-02-23 00:58:15.887	Jingga Faradilla Borneta September	jingga15	$2a$10$mDtdtMgqgstcHXYtUkg99OuceGeilzQpc5xxTa711bsfBlo4h64pu	b25660e8b37a44659ca3	1347667200	\N	0	f	\N	ACTIVE
356b613db3e246dba38c	2025-02-23 00:58:15.887	2025-02-23 00:58:15.887	Dwi Ayu Febri Nur Kalima	dwi5	$2a$10$ZhVv4lP7ti10HsI/1kkOFeO7ZEdosLxH66vKgTFIO1qsB8wOMS11q	b25660e8b37a44659ca3	1359993600	\N	0	f	\N	ACTIVE
4c1ba5a296af4d3b8895	2025-02-23 00:58:15.887	2025-02-23 00:58:15.887	Ufaira Nur Afifa	ufaira16	$2a$10$x1XQSx0zpyJWmIb/I08DkurmCFsz8pkrmlvhiP7vCql5qDtZh6Iyq	b25660e8b37a44659ca3	1400198400	\N	0	f	\N	ACTIVE
bfc0a8cdf5474fb695ce	2025-02-23 00:58:15.887	2025-02-23 00:58:15.887	Dhyla Rosyfu Qolbu	dhyla12	$2a$10$aCRFhp3wL47ilPUfP0JvXuvc7l2wtHXdA52WTqQoSXLbqvde3MrQ2	b25660e8b37a44659ca3	1376265600	\N	0	f	\N	ACTIVE
6b8dd242fa8b45aa94d8	2025-02-23 00:58:15.887	2025-02-23 00:58:15.887	Intan Nuraini	intan11	$2a$10$u06Gx4wSfP/9QHmxvA99/eIHKWKULdYg75WyVMUZQRhRcEmUzBY2S	b25660e8b37a44659ca3	1381449600	\N	0	f	\N	ACTIVE
b4a1de3c87224c93b7a5	2025-02-23 00:58:15.887	2025-02-23 00:58:15.887	Alif Hadi	alif5	$2a$10$I1LIJfLWYqdSMHC8c8EQUuS6jtZJw2lMGKfbEsEvOpa8qzbRkQ0yS	b25660e8b37a44659ca3	1467676800	\N	0	t	\N	ACTIVE
49714c0be6f64b818eff	2025-02-23 00:58:15.887	2025-02-23 00:58:15.887	Arya Abiyyu Wijaya	arya11	$2a$10$8P9xGkarKNCVqbFBCQtnL.RSz.eScX.905E7Br1Q4KaTYsEiMlRKe	b25660e8b37a44659ca3	1446336000	\N	0	t	\N	ACTIVE
5aca9f708ae54bbea0de	2025-02-23 00:58:15.887	2025-02-23 00:58:15.887	Sabrina Bela Apriliya	sabrina18	$2a$10$zsOM8nuzQlXmXoV21pR0HellYQLaKcZiyFHTIA1.mGt6i55zUySJS	b25660e8b37a44659ca3	1366243200	\N	0	f	\N	ACTIVE
238ce3748e294da98039	2025-02-23 00:58:15.887	2025-02-23 00:58:15.887	Natania Labitta Avrilliani	natania16	$2a$10$WDDMhW8ptzC93eJ2tNueeONw6qDsw83J6hc5YV9n2u1g9DT8exwjm	b25660e8b37a44659ca3	1302912000	\N	0	f	\N	ACTIVE
7e6905b03e224feaa43d	2025-02-23 00:58:15.887	2025-02-23 00:58:15.887	Amelia Salsabela	amelia29	$2a$10$kA93RgJ1XyDQChrbZ2vv7O/PJJO7zcB5A5qTvd4mB0PTiQorR21Re	b25660e8b37a44659ca3	1348876800	\N	0	f	\N	ACTIVE
71b2ae1d93c342be92bf	2025-02-23 00:58:15.887	2025-02-23 00:58:15.887	Kezia Angelina Setyani	kezia24	$2a$10$waiech0CIO6cksVUhC.nPOROiguDnLDUueJ7oHNp.jcBQCzcbRzXa	b25660e8b37a44659ca3	1287878400	\N	0	f	\N	ACTIVE
09cbc6ee9b2149f6af2e	2025-02-23 00:58:15.887	2025-02-23 00:58:15.887	Putri Winda Sari	putri18	$2a$10$gh2ZiNHo8aI/c8eYZ4hiAO/rf2BDEr2Kfn6HtbX.v8a0CcHMKR8/q	b25660e8b37a44659ca3	1326844800	\N	0	f	\N	ACTIVE
74c65afbc42b417499cc	2025-02-23 00:58:15.887	2025-02-23 00:58:15.887	Amanda Regina Ramadhani	amanda4	$2a$10$d6LFLHz1JB9RgXtvZfftQ.unrpcr.2S1zjSyOX9Ydp9fT33nwZ7Zi	b25660e8b37a44659ca3	1283558400	\N	0	f	\N	ACTIVE
66874c58583d42b5aa2e	2025-02-23 00:58:15.887	2025-02-23 00:58:15.887	Afika Novelita Belqis Kirana	afika19	$2a$10$g4gCkdHJhmjZ4fNWI6zR9.NthcCoKc5KTc8WP1tZc0IMPstac5w8a	b25660e8b37a44659ca3	1334793600	\N	0	f	\N	ACTIVE
981ae83f7f1244a6b0c2	2025-02-23 00:58:15.887	2025-02-23 00:58:15.887	Zaskia Nur Salsabilah	zaskia30	$2a$10$OGoGkJSnoKk58Uh/VHMwJep7omRWAczyTYqmmP312VaLWDblO4tcy	b25660e8b37a44659ca3	1388361600	\N	0	f	\N	ACTIVE
73dd4f68749c443a8284	2025-02-23 00:58:15.887	2025-02-23 00:58:15.887	Iqbal Chandra Ghautama	iqba16	$2a$10$wtFXznkL46P7z3OQk1QOr./3GwLR3rHFzrJqRBJ4QiTTCvx40sEEy	b25660e8b37a44659ca3	1460764800	\N	0	t	\N	ACTIVE
4c35ba9736c943ff8645	2025-02-23 00:58:15.887	2025-02-23 00:58:15.887	Khrisnanda Dwitya Priyono	khrisnanda10	$2a$10$MlNMD0GNcJhnehEVE.4mGOwwJon/9J6iwChAkjm1iW6WA9uHejkP6	b25660e8b37a44659ca3	1386633600	\N	0	t	\N	ACTIVE
1c30b938d0584fbda4b0	2025-02-23 00:58:15.887	2025-02-23 00:58:15.887	Raufa Sarfaraz Adiwangsa	raufa19	$2a$10$Z38ml0x3lqtiwOgsQgvHkuRQin3a81POAMBXZOfT27O2LCPfrLXd.	b25660e8b37a44659ca3	1500422400	\N	0	t	\N	ACTIVE
4c21bdf60e55465ca79d	2025-02-23 00:58:15.887	2025-02-23 00:58:15.887	Ahmat Danianto	ahmat4	$2a$10$55WYnGS/uAjP7WRmgjGEjeW79bNeqVP5MhwuoqFmdCvAs7Ur7brva	b25660e8b37a44659ca3	1386115200	\N	0	t	\N	ACTIVE
49ab4932241544718198	2025-02-23 00:58:15.887	2025-02-23 00:58:15.887	Memo Artha Purnama Eka Ramadani	memo23	$2a$10$U8Wru3afbhdwa2.BC4wtmOr29ZjeL0fGPpQGVBGZAEP./7pmgpi2y	b25660e8b37a44659ca3	1374537600	\N	0	t	\N	ACTIVE
fdd5bd3152344cc6977d	2025-02-23 00:58:15.887	2025-02-23 00:58:15.887	Muhammad Hafizh Gibran	muhammad13	$2a$10$LYm5GnSIRtLITfRZ2mn/xeyRjFR900SuYgy4fbAB54SQkfb0jbO1S	b25660e8b37a44659ca3	1363132800	\N	0	t	\N	ACTIVE
c1b13f77f9284dd39d56	2025-02-23 00:58:15.887	2025-02-23 00:58:15.887	Muhammad Gibrand Al Fathan	gibrand31	$2a$10$6mRkeuSZf/4FaAPqY2TXAOVrmHit.WJlp6ijvKE/AyTYL2eKWTidi	b25660e8b37a44659ca3	1501718400	\N	0	t	\N	ACTIVE
4a2112ac56594263b3df	2025-02-23 00:58:15.887	2025-02-23 00:58:15.887	Ricky Dava Andika	ricky10	$2a$10$AMOfSCiTYdXuh5v1XKkdUOltp3o7kRklbMvW8IGfsIhjrwXm1EA46	b25660e8b37a44659ca3	1370812800	\N	0	t	\N	ACTIVE
d142cbc7f0984e12a40d	2025-02-23 00:58:15.887	2025-02-23 00:58:15.887	Earlyta Arsyfa Salsabila	earlyta7	$2a$10$.VNymTSgVbE/Qc/gf/Y0eudYu2pzansymDrcuXXLmxuGIdLpCENiu	b25660e8b37a44659ca3	1457308800	\N	0	f	\N	ACTIVE
ca231abf899b47f7b2a7	2025-02-23 00:58:15.887	2025-02-23 00:58:15.887	Ahmad Alfian Maulana Ramadhani	ahmad20	$2a$10$OdrYPB90W41zmleCDUkoIOeTXil3NB7zhzn7g8tpKvZ2ncmdonFrS	b25660e8b37a44659ca3	1497916800	\N	0	t	\N	ACTIVE
a52e6478b5e342639870	2025-02-23 00:58:15.887	2025-02-23 00:58:15.887	Arifa Joharotus Salsabilla	arifa13	$2a$10$/MQ8mud023Slmnw2xcEv8uXXondXIl7mmu3py0b.FiKswSMMNxLUi	b25660e8b37a44659ca3	1368403200	\N	0	f	\N	ACTIVE
f3ec4e75d94c46799ee9	2025-02-23 00:58:15.887	2025-02-23 00:58:15.887	Almadina Azzahra Heryano	almadina31	$2a$10$LQg8p/p1Adn0MFwbWGy4FeQiRZOjpobtTJ7E/u2GhX.lutwnoMACS	b25660e8b37a44659ca3	1383177600	\N	0	f	\N	ACTIVE
ae147a0047f24cbb89ee	2025-02-23 00:58:15.887	2025-02-23 00:58:15.887	Azrina Fazia Isti Raharjo	azrina10	$2a$10$V3tZeGb6bNavFiG8vffN7eZ4IcZAU5KUrJsYPQS0oAzgS.N.FtQsS	b25660e8b37a44659ca3	1510272000	\N	0	f	\N	ACTIVE
85d2c166337043a980ff	2025-02-23 00:58:15.887	2025-02-23 00:58:15.887	Edwin Dwi Cahyono	edwin13	$2a$10$wqQVI7ioRVHM90ATbC43i.G2..2AZszPOHbGdr1zhQe3cbPKhQdwC	b25660e8b37a44659ca3	1368403200	\N	0	t	\N	ACTIVE
5c738b27431844fa90f6	2025-02-23 00:58:15.887	2025-02-23 00:58:15.887	Afiqa Orlin Al Hanafi	afiqa12	$2a$10$h4eAuT8lKG1SUit4RnLxr.zWv1wsZBoL4wDM4TMg4rrPHxjqgMMSy	b25660e8b37a44659ca3	1534032000	\N	0	f	\N	ACTIVE
0b3dd159e0f64fadb32f	2025-02-23 00:58:15.887	2025-02-23 00:58:15.887	Zakiyya Wardatul Fajriyah	zakiyya15	$2a$10$8bkXisw4hxHp.8vD05H3Su1eefct4EDeYGgNyxaBSEPHaAH2x7HUu	b25660e8b37a44659ca3	1408060800	\N	0	f	\N	ACTIVE
69804c19855840f99742	2025-02-23 00:58:15.887	2025-02-23 00:58:15.887	Azka Raqilla Algifari	azka19	$2a$10$HUuFM9dpAWhtK/7IvpBbyu3L4bmPRt3LZpjzv82rgA7pcQ76RoPDG	b25660e8b37a44659ca3	1400457600	\N	0	t	\N	ACTIVE
93ea31b8b7ec41dcb4f0	2025-02-23 00:58:15.887	2025-02-23 00:58:15.887	Naufal Kenzie Ramadhan	naufal27	$2a$10$1i1VWrvlW0y6rEqxQvUgne8Wi9UjiDTM4StJ7Gq5UgLBHw1XVQu7G	b25660e8b37a44659ca3	1495843200	\N	0	t	\N	ACTIVE
e5ab58c299e94bd690be	2025-02-23 00:58:15.887	2025-02-23 00:58:15.887	Farensya Putri Jeniver	farensya11	$2a$10$unyb0rg8HwsK..9EXCHVzuOAG.sHsNSqZr6Dgoo50kckkqhgfxWTW	b25660e8b37a44659ca3	1465603200	\N	0	f	\N	ACTIVE
e879d5b8958f4c45a51a	2025-02-23 00:58:15.887	2025-02-23 00:58:15.887	Ibram Azmi Tafakur Rohman	ibram21	$2a$10$XNQya.mxeyxsO58qv0UQqeaYVqa83BZq5NR.VfUwH3ZT6QQ3ohcDa	b25660e8b37a44659ca3	1411257600	\N	0	t	\N	ACTIVE
97fdbad4b3714f50a0aa	2025-02-23 00:58:15.887	2025-02-23 00:58:15.887	Chindy Wiwa Charismatara	chindy1	$2a$10$TZI4YLiytEcKQhs2Wh89vOLRSKC8Mf/fh8CXf/NQ7qL5fBWYJx4fq	b25660e8b37a44659ca3	1417392000	\N	0	f	\N	ACTIVE
cbe9803806ca4953a3dd	2025-02-23 00:58:15.887	2025-02-23 00:58:15.887	Muhammad Danam Raharjo	danam2	$2a$10$0fFtfoSvBPC4PNMLg.HxPOEUBlqKfjeorwCyQwT9OxDQDM.rIkDi6	b25660e8b37a44659ca3	1393718400	\N	0	t	\N	ACTIVE
c4dc041847964b219fbf	2025-02-23 00:58:15.887	2025-02-23 00:58:15.887	Rachquel Ratu Avalokitesvara	rachquel14	$2a$10$/u2sd4s5Bl53bo/33XYAA.5DUntXURqTKkWXqls92QLCAcFlxZjpO	b25660e8b37a44659ca3	1363219200	\N	0	f	\N	ACTIVE
c7a8edb84619402a8d32	2025-02-23 00:58:15.887	2025-02-23 00:58:15.887	Syakirah Feben Syahidda	syakirah3	$2a$10$rtrM3yJpKnPrqN5T1ql9cO59EB5yxkwgwRe84nYWheuZJ8PgRtGFO	b25660e8b37a44659ca3	1391385600	\N	0	f	\N	ACTIVE
a3202be806f2468b85c8	2025-02-23 00:58:15.887	2025-02-23 00:58:15.887	Aisyah Az Zakiyyah Ginting Suka	aisyah14	$2a$10$tG7e8cdM/uyepK7syjbrw.VstKpvMCOnj3IHR9VRe1Np4fsuKOiv.	b25660e8b37a44659ca3	1426291200	\N	0	f	\N	ACTIVE
52cbf72d7b404a72965d	2025-02-23 00:58:15.887	2025-02-23 00:58:15.887	Anziliya Haura Dani Anwar	anziliya7	$2a$10$226vuDMbhXQKfRIWWJ7MfebWvGB4bBmAZAwmdUtZcSFegRHniqSGm	b25660e8b37a44659ca3	1430956800	\N	0	f	\N	ACTIVE
59ca33fd0d7342f2b4a4	2025-02-23 00:58:15.887	2025-02-23 00:58:15.887	Albyan Rezqiano Darmawan	albyan13	$2a$10$dp.SpeJrRw4pH/p/2yikpORCdRK4v9v2E6W9Hw1vYG1wU06jh75fS	b25660e8b37a44659ca3	1413158400	\N	0	t	\N	ACTIVE
a4fa822b1ac64334875c	2025-02-23 00:58:15.887	2025-02-23 00:58:15.887	Afzar Ghayda Andreas	afzar17	$2a$10$UPgTpX8A9aU0OaKXi0ABXe6r.TZYGTGhWtgcdDbOxSD1QoRrhxfsO	b25660e8b37a44659ca3	1500240000	\N	0	t	\N	ACTIVE
d4a0e90136fc43fb82d8	2025-02-23 00:58:15.887	2025-02-23 00:58:15.887	Ayra Khoirun Nissa	ayra2	$2a$10$oGPVzvp70GeXt9XcAKdFjuM0fbEhCYc3Vdui7BconaFVr06pwNWTe	b25660e8b37a44659ca3	1335916800	\N	0	f	\N	ACTIVE
81884207f7e0463bb873	2025-02-23 00:58:15.887	2025-02-23 00:58:15.887	Keila Shifaul Mafiroh	keila3	$2a$10$71cbjfPXJLQdfnk.hRtT8OIB4rTn3z94XW3VK4/ym6q0nXnjT.7D.	b25660e8b37a44659ca3	1391385600	\N	0	f	\N	ACTIVE
43d042151d2d49b2a605	2025-02-23 00:58:15.887	2025-02-23 00:58:15.887	Muhammad Naufal Haskel Fikrian	naufal13	$2a$10$40DyeotZcdqLjx0oO8wCSe4kvjOjMfZ3c8mi8bOD84xPs3mYZOWCG	b25660e8b37a44659ca3	934272000	\N	0	t	\N	ACTIVE
e7e9479dd7c24607bf2e	2025-02-23 00:58:15.887	2025-02-23 00:58:15.887	Deva Chalista	deva6	$2a$10$HXHNdMozJjfQigBck..JpuBdQnII5zTvBFutMAKUKWVFVXN1qiQ9G	b25660e8b37a44659ca3	1407283200	\N	0	f	\N	ACTIVE
4240c7f52ecc43bf85f6	2025-02-23 00:58:15.887	2025-02-23 00:58:15.887	Kirana Pramudita Wardiani Putri	kirana1	$2a$10$poZ5e39cYlvxCRnwR4x19.mctqCdRZl8eMQpdT6a1ZqnsgMiGOu6q	b25660e8b37a44659ca3	1430438400	\N	0	f	\N	ACTIVE
33a5e6168fa24a2b8c3a	2025-02-23 00:58:15.887	2025-02-23 00:58:15.887	Bilqis Tisa Nayla Gisella	bilqis6	$2a$10$8j.w4eHRfP//qcm5qiZA3efKrku4y7AxsiKtoYGyKiOLkbjs608VG	b25660e8b37a44659ca3	1341532800	\N	0	f	\N	ACTIVE
cf4bf3c7b0cd4acfb429	2025-02-23 00:58:15.887	2025-02-23 00:58:15.887	Gustafvino Rizal Ramadhan	gustafvino26	$2a$10$iXiRK6DzfO2s2aWz7s9xjeUfh6FMbEJMgBwCLAu05Rh.IW4fiwHX.	b25660e8b37a44659ca3	1251244800	\N	0	t	\N	ACTIVE
9717ce91b18a464f91d0	2025-02-23 00:58:15.887	2025-02-23 00:58:15.887	Ikho Wahyu Yudhistira	ikho20	$2a$10$gIIMM0T/EKuqDzahnEB/R.66dwGwbAPN/EpFxl6Znshh0mgXbeV0u	b25660e8b37a44659ca3	1274313600	\N	0	t	\N	ACTIVE
30b024f2ee6545a0bfc5	2025-02-23 00:58:15.887	2025-02-23 00:58:15.887	Adiyasta Aslah Utama	adiyasta5	$2a$10$9tVQRKGVJhfM9kkQMtK48OVpvj/oy31.hc0JJcncjlBodprHE8axm	b25660e8b37a44659ca3	1412467200	\N	0	t	\N	ACTIVE
b4604935d1964f2fb0dd	2025-02-23 00:58:15.887	2025-02-23 00:58:15.887	Ferdian Faris Rafael	ferdian23	$2a$10$QCkvQx9xP.OpragIsocZ4.Dlo/OWsSTD8dbeDkW25.001QChVKosO	b25660e8b37a44659ca3	1411430400	\N	0	t	\N	ACTIVE
7d009aa85abc46d681c0	2025-02-23 00:58:15.887	2025-02-23 00:58:15.887	Alesha Shakila Hikam	alesha25	$2a$10$Mgzgh132nFUAZZDT4IIzHuWvz1femIWQEeEayrNiFLxCTmtKkRe..	b25660e8b37a44659ca3	1464134400	\N	0	f	\N	ACTIVE
fb5f70fee9df447c86d7	2025-02-23 00:58:15.887	2025-02-23 00:58:15.887	Icha Galung Ananda Putri	icha15	$2a$10$WpdRDbo3QcIBLxbGz2cLour8C9skLnLUdv9niQEoHIZr4tfQVkpv.	b25660e8b37a44659ca3	1436918400	\N	0	f	\N	ACTIVE
fa874a8494c045fb8572	2025-02-23 00:58:15.887	2025-02-23 00:58:15.887	Adhyasta Alim Ardhani	adhyasta14	$2a$10$bRhFT2dWaBf9hbWfj60cLu9db8qoZHmWVCv7RVDrOKRdQI4mMPDB2	b25660e8b37a44659ca3	1492128000	\N	0	t	\N	ACTIVE
bbe186f5ce1c48968ca6	2025-02-23 00:58:15.887	2025-02-23 00:58:15.887	Iva Ashabine	iva13	$2a$10$VzYcHr2ippDJFrXwdTq2uuvw5d91V9INNAcgBNqpj9RQbf91UJOtG	b25660e8b37a44659ca3	1379030400	\N	0	f	\N	ACTIVE
20177726c0dc4da4a648	2025-02-23 00:58:15.887	2025-02-23 00:58:15.887	Izza Afkarina	izza8	$2a$10$C5UdzKPKtR1BbdqfjOns2uipQzzhKfdE0u0FIvCJ7vz07lY0W3rAO	b25660e8b37a44659ca3	1370640000	\N	0	f	\N	ACTIVE
0cf443f93fa34c5da333	2025-02-23 00:58:15.887	2025-02-23 00:58:15.887	Reynand Dhirgham Fairuz	reynand9	$2a$10$ymnh/xwSlbjZIkhVlsS.JuqM3rAxfTJa3D6shx4VeXwBapk0XtggW	b25660e8b37a44659ca3	1441756800	\N	0	t	\N	ACTIVE
c534c921d0a94536bfe4	2025-02-23 00:58:15.887	2025-02-23 00:58:15.887	Jihan Alita Salsabila	jihan24	$2a$10$VtruVN/M2WNhCmJROgxtx.DluSgwTJISEM45pdL7oqTQMx37NFiQu	b25660e8b37a44659ca3	1500854400	\N	0	f	\N	ACTIVE
832591a62b5f49279696	2025-02-23 00:58:15.887	2025-02-23 00:58:15.887	Anindita Alula Asesyani	anindita22	$2a$10$FnjVH1whK0WAbA7O2Igj6OP/9iHYLVJG4pKSeEpaqSuHCk72Gmrh6	b25660e8b37a44659ca3	1498089600	\N	0	f	\N	ACTIVE
8851bf83dc8b4738a4a1	2025-02-23 00:58:15.887	2025-02-23 00:58:15.887	Darmika Santia Ratri	darmika18	$2a$10$aHPX58LCISNu7yp7SuQcKuP8vnSWiRvbXvlxuVPEzSOoYrXnHq/oW	b25660e8b37a44659ca3	1310947200	\N	0	f	\N	ACTIVE
4f3a544b748f4c69a78a	2025-02-23 00:58:15.887	2025-02-23 00:58:15.887	Rafardhan Athalla Akbar	rafardhan19	$2a$10$OLM9uXkJqo2NRtnXi/nFdeYY75V80k4JeVz2HXaGhmOanvkLzJO3i	b25660e8b37a44659ca3	1411084800	\N	0	t	\N	ACTIVE
2e336c3b011a41b19a9f	2025-02-23 00:58:15.887	2025-02-23 00:58:15.887	Valencia Meitha Niagara	valencia11	$2a$10$gRWuqbLWwvH3rJgr86RyCOFFDn20h8vx0EiTX4e07VnHkrLlpiNQC	b25660e8b37a44659ca3	1368230400	\N	0	f	\N	ACTIVE
ed9ca490e85d415c96f4	2025-02-23 00:58:15.887	2025-02-23 00:58:15.887	Alkhalifi Hafid Zafran Hidayat	alkhalifi7	$2a$10$Is0G4qCnU7axPjJzTCxrKu14a6eQe4Y.fTttykwvaacfo3SPiD1gG	b25660e8b37a44659ca3	1438905600	\N	0	t	\N	ACTIVE
61adc50a8df04bba8624	2025-02-23 00:58:15.887	2025-02-23 00:58:15.887	Muhammad Syahalbi Absyar	muhammad17	$2a$10$LZEMf.nApvM2cTROSRHzf.EcAVUp4FiPV9fkdspcj4irNvFQiAuBa	b25660e8b37a44659ca3	1484611200	\N	0	t	\N	ACTIVE
dd236dc4c7b24f5ab8aa	2025-02-23 00:58:15.887	2025-02-23 00:58:15.887	Putri Ayu Wardani	putri29	$2a$10$/qKXwQ.AYwHLo41V9wP.oO4bfwhkbOwjkx01cMf5dgDD.CWhRnuC6	b25660e8b37a44659ca3	1456704000	\N	0	f	\N	ACTIVE
df6fd4ebeedb4d1ebc19	2025-02-23 00:58:15.887	2025-02-23 00:58:15.887	Ade Carrisa Agatha Lugivanya	ade4	$2a$10$RzIb3CSAan6Cvt4wfweDeuUg9f8PzAFiLsGDJNP8SqM/jydokyyuy	b25660e8b37a44659ca3	1496534400	\N	0	f	\N	ACTIVE
e96b2b2529a64103ba53	2025-02-23 00:58:15.887	2025-02-23 00:58:15.887	Ahmad Gusti Bachtiar	ahmad15	$2a$10$horf0d5ncHgKFUejThA1VuJuESqH8jLBUS5QXE67Lt7my4FsIxmlS	b25660e8b37a44659ca3	1352937600	\N	0	t	\N	ACTIVE
8039fba847be4c7a9031	2025-02-23 00:58:15.887	2025-02-23 00:58:15.887	Prayudha Budi Pratama	prayudha23	$2a$10$fHT2rwRBK/9fMdGvuoUVeOC98/n.yjsb48GTfjl4HjOosScsVOrzu	b25660e8b37a44659ca3	1403481600	\N	0	t	\N	ACTIVE
0faefc95937f413c9fd0	2025-02-23 00:58:15.887	2025-02-23 00:58:15.887	Azzahra Chumaira	azzahra14	$2a$10$efVstzogY8yHLd0APBbyUOVZ26uehcR6pHvuAIrV8MKAPSRrjnjxO	b25660e8b37a44659ca3	1244937600	\N	0	f	\N	ACTIVE
bd034843b1db4708b3cc	2025-02-23 00:58:15.887	2025-02-23 00:58:15.887	Syafia Aqila Putri Hartawan	syafia3	$2a$10$hDDApgQ7R/.TlJcOE/YuU.1UHjNPOCG.liexEavLnACg3JeKfdYbK	b25660e8b37a44659ca3	1422921600	\N	0	f	\N	ACTIVE
2ca51f93c0274547bcdf	2025-02-23 00:58:15.887	2025-02-23 00:58:15.887	Intan Ramadhani Dwi Natasya	intan21	$2a$10$.WxHqQkIFEEDSgT5jzeKJOyver9yL45ACr0C7IaC0Ui42qapKTWUC	b25660e8b37a44659ca3	1313884800	\N	0	f	\N	ACTIVE
1c9bb888eed94b0cb3da	2025-02-23 00:58:15.887	2025-02-23 00:58:15.887	Igmas Ayu	igmas7	$2a$10$J6NO5Lmi/oxHRu8mf2Fd8e.hpcjTc7tyrIts0MNIvrdlEs1ynFk9W	b25660e8b37a44659ca3	1323216000	\N	0	f	\N	ACTIVE
6dbfa18bc0704ec7bc5f	2025-02-23 00:58:15.887	2025-02-23 00:58:15.887	Alvarendra Adam Firmansyah	alvarendra27	$2a$10$40n5vXyh5dbQnuhpIejp6eE1N7RFt2hsBX5Vb/SoY0yHmVtQUO4lq	b25660e8b37a44659ca3	1556323200	\N	0	t	\N	ACTIVE
af80b7ea17bd4d759450	2025-02-23 00:58:15.887	2025-02-23 00:58:15.887	Muhammad Ishaq Abdillah	muhammad19	$2a$10$ZlQoLoI8RXFi0rJqgJhStub4TQ5m8JzH4QRwBBUJcezWDs3qdz4lG	b25660e8b37a44659ca3	1568851200	\N	0	t	\N	ACTIVE
88c7c35ef4c9403498dd	2025-02-23 00:58:15.887	2025-02-23 00:58:15.887	Gabriel Azka Dinata	gabriel25	$2a$10$yWBRsuy8olThAF14O0QnteHIOTE0LTY9Ze9SwtNA9hC2BYUiTi0DW	b25660e8b37a44659ca3	1390608000	\N	0	t	\N	ACTIVE
4bc4ec1dd08e42678a17	2025-02-23 00:58:15.887	2025-02-23 00:58:15.887	Muhammad Ulil Azmi	muhammad1	$2a$10$HDTPh5jQAa8Ck0KQqenHY.nTsjJVX70qrJ6rkDcjDHjcpgXgVZFKW	b25660e8b37a44659ca3	1370044800	\N	0	t	\N	ACTIVE
67f584a34dbc43e3b16f	2025-02-23 00:58:15.887	2025-02-23 00:58:15.887	Izza Ahmad Mazayashah	izza17	$2a$10$HqizuYBhmZK.XSZtsUU/K.8.7Bo5WlFlZrk8YZfdhxfOYKNqSXDum	b25660e8b37a44659ca3	1455667200	\N	0	t	\N	ACTIVE
3803800214ec4ddfa70b	2025-02-23 00:58:15.887	2025-02-23 00:58:15.887	Keysang Abbiyyu Akbar	keysang15	$2a$10$DDHG4aW3/4sabAaK5s2Byu03rx6Hjy2v6zYCPw6SkzkwRhH/qeLtK	b25660e8b37a44659ca3	1508025600	\N	0	t	\N	ACTIVE
d05ea02413494c2ca8b7	2025-02-23 00:58:15.887	2025-02-23 00:58:15.887	Lintang Faiha Jalaputri Fitrianto	lintang26	$2a$10$mzksoaVchjFIIk22rfI8f.p6l2mjARlixC8yHo7AlwSifwXrCzrUC	b25660e8b37a44659ca3	1506384000	\N	0	f	\N	ACTIVE
83812edb9f1f49bda884	2025-02-23 00:58:15.887	2025-02-23 00:58:15.887	Kafa Adibul Izza Albaihaqi	kafa21	$2a$10$VOdLPvfJInLCS3a6Ymcve.z7dqha8M3CQ./tyLW6rHWLYpcxMyMAi	b25660e8b37a44659ca3	1400630400	\N	0	t	\N	ACTIVE
0f3b2a024c454a86a2bb	2025-02-23 00:58:15.887	2025-02-23 00:58:15.887	Muhamad Fatin Hakiki	muhamad3	$2a$10$JLdnMWLefIo/IZPDHjeMvOdI.zA3VUSle/DS5oFqeR8spWzg5mFMi	b25660e8b37a44659ca3	1435881600	\N	0	t	\N	ACTIVE
919b0bea3cee44d9926c	2025-02-23 00:58:15.887	2025-02-23 00:58:15.887	Muhamad Abit Ariyanto	muhamad31	$2a$10$HkP0oY2OpjmyfPcQe9VQLu/4Q6HYoCj7lYJnCqINu3.mARUKM5n/S	b25660e8b37a44659ca3	1451520000	\N	0	t	\N	ACTIVE
2d0a3ce6ac8d4b8fb0c4	2025-02-23 00:58:15.887	2025-02-23 00:58:15.887	Ahmad Alwi Musthofa Bisyri	ahmad13	$2a$10$0unAO/pDO5lSl517GwdHf.Z4lp25GtsLoECs5wXnidCHejZA4dt9W	b25660e8b37a44659ca3	1381622400	\N	0	t	\N	ACTIVE
1740398658QJBXVZISUW	2025-02-24 12:04:18.39	2025-02-24 12:04:18.39	Salsabilla Aura Cinta Sentosa	salsabila1	$2a$10$s97L7S6Av/PAbKwdFyYm0eDqFY.IX3Iz5CO/AhctCV6JioWJfOdnG	b25660e8b37a44659ca3	1459512155		6281253425353	f	\N	ACTIVE
1740619623PVXUZIRZLO	2025-02-27 01:27:03.888	2025-02-27 01:27:03.888	Moh Akbar Nurdaffa	akbar22	$2a$10$HGxzl6BmLvmPPKuukeaD3u0ou./0rfBHnRFDH6mN5LvyTfYm7P6IS	b25660e8b37a44659ca3	1400721985		6281235243539	f	\N	ACTIVE
\.


--
-- Data for Name: Achievement; Type: TABLE DATA; Schema: public; Owner: postgres
--

COPY public."Achievement" ("Id", "DateCreate", "DateUpdate", "UserId", "Category", "Describe", "CompetitionId") FROM stdin;
\.


--
-- Data for Name: Supervisor; Type: TABLE DATA; Schema: public; Owner: postgres
--

COPY public."Supervisor" ("Id", "DateCreate", "DateUpdate", "Name", "Birthdate", "PhoneNumber") FROM stdin;
\.


--
-- Data for Name: CompetitionRoom; Type: TABLE DATA; Schema: public; Owner: postgres
--

COPY public."CompetitionRoom" ("Id", "DateCreate", "DateUpdate", "Name", "CompetitionId", "SupervisorId") FROM stdin;
\.


--
-- Data for Name: Payment; Type: TABLE DATA; Schema: public; Owner: postgres
--

COPY public."Payment" ("Id", "DateCreate", "DateUpdate", "Invoice", "Date", "Amount", "Status") FROM stdin;
76abc61e8cec4acd848f	2025-02-20 04:11:16.511	2025-02-20 04:11:16.511	INV20250220-857484	1740024676	70000	COMPLETED
61da9531d7fa459287e7	2025-02-20 04:12:00.03	2025-02-20 04:12:00.03	INV20250220-858339	1740024720	70000	COMPLETED
9a25a9257f6241ecb531	2025-02-21 13:17:34.164	2025-02-21 13:17:34.164	INV20250221-878823	1740143854	70000	COMPLETED
79e9ca2b3ca64e87b6c7	2025-02-21 13:17:57.519	2025-02-21 13:17:57.519	INV20250221-830712	1740143877	70000	COMPLETED
e8bda418eb544e1a8722	2025-02-24 08:55:46.536	2025-02-24 08:55:46.536	INV20250224-274068	1740387346	70000	COMPLETED
3ab09a870686431d9cf8	2025-02-24 08:56:29.743	2025-02-24 08:56:29.743	INV20250224-947819	1740387389	70000	COMPLETED
40dc942428874d079f7d	2025-02-24 08:57:57.967	2025-02-24 08:57:57.967	INV20250224-682459	1740387477	70000	COMPLETED
69d1a74722ca43c58aa0	2025-02-24 09:05:00.664	2025-02-24 09:05:00.664	INV20250224-541208	1740387900	70000	COMPLETED
f80912e42c744c39951e	2025-02-24 09:05:34.144	2025-02-24 09:05:34.144	INV20250224-613921	1740387934	70000	COMPLETED
24506f81a0254313a311	2025-02-24 09:24:16.313	2025-02-24 09:24:16.313	INV20250224-535085	1740389056	70000	COMPLETED
9ae8b10122b04457a8e8	2025-02-24 09:44:19.82	2025-02-24 09:44:19.82	INV20250224-966788	1740390259	70000	COMPLETED
da6104b6635c48b0ad94	2025-02-24 09:48:51.72	2025-02-24 09:48:51.72	INV20250224-895615	1740390531	70000	COMPLETED
3940649709574a63a2af	2025-02-24 09:52:16.812	2025-02-24 09:52:16.812	INV20250224-629040	1740390736	70000	COMPLETED
36e96eddf9b549e4b840	2025-02-24 09:53:46.048	2025-02-24 09:53:46.048	INV20250224-79987	1740390826	70000	COMPLETED
d9fad080360740b4aaaa	2025-02-24 09:53:57.545	2025-02-24 09:53:57.545	INV20250224-239733	1740390837	70000	COMPLETED
1c66a03eec41471dbc81	2025-02-24 11:40:22.082	2025-02-24 11:40:22.082	INV20250224-46927	1740397222	70000	COMPLETED
210d228e6d49427ba15c	2025-02-24 11:40:37.771	2025-02-24 11:40:37.771	INV20250224-819135	1740397237	70000	COMPLETED
21e7d52235154e34af85	2025-02-24 11:47:41.422	2025-02-24 11:47:41.422	INV20250224-449362	1740397661	70000	COMPLETED
6d2f8b0d23f2462fa4e3	2025-02-24 11:50:26.422	2025-02-24 11:50:26.422	INV20250224-217731	1740397826	70000	COMPLETED
aaa47724a550465b861a	2025-02-24 11:54:13.679	2025-02-24 11:54:13.679	INV20250224-148199	1740398053	70000	COMPLETED
95477cda29a64af3a3f1	2025-02-24 12:01:21.937	2025-02-24 12:01:21.937	INV20250224-510496	1740398481	70000	COMPLETED
30914c4017fb445c9819	2025-02-24 12:06:46.174	2025-02-24 12:06:46.174	INV20250224-584149	1740398806	70000	COMPLETED
4ea015e4d48f47e8a757	2025-02-24 12:08:24.126	2025-02-24 12:08:24.126	INV20250224-860033	1740398904	70000	COMPLETED
303c151a8620462c82a7	2025-02-24 12:10:09.452	2025-02-24 12:10:09.452	INV20250224-718114	1740399009	70000	COMPLETED
876995c3ea554f64a5be	2025-02-24 12:12:28.426	2025-02-24 12:12:28.426	INV20250224-589486	1740399148	70000	COMPLETED
90d914b958f34285a24d	2025-02-24 12:14:59.899	2025-02-24 12:14:59.899	INV20250224-715948	1740399299	70000	COMPLETED
386b96cb769e4788bfe3	2025-02-24 12:15:17.577	2025-02-24 12:15:17.577	INV20250224-376686	1740399317	70000	COMPLETED
abbcb61db3e240a7adbf	2025-02-24 12:17:53.135	2025-02-24 12:17:53.135	INV20250224-954757	1740399473	70000	COMPLETED
8e20fcb97ecd4eaf9166	2025-02-24 12:18:22.026	2025-02-24 12:18:22.026	INV20250224-965750	1740399502	70000	COMPLETED
09bd65d865724a659466	2025-02-24 12:20:40.675	2025-02-24 12:20:40.675	INV20250224-284208	1740399640	70000	COMPLETED
ff91d860a80e41f6b793	2025-02-24 12:20:50.4	2025-02-24 12:20:50.4	INV20250224-341937	1740399650	70000	COMPLETED
94f4be2320c242349283	2025-02-24 12:22:57.734	2025-02-24 12:22:57.734	INV20250224-273710	1740399777	70000	COMPLETED
eac54e9563e74ca6928e	2025-02-24 12:23:10.473	2025-02-24 12:23:10.473	INV20250224-528855	1740399790	70000	COMPLETED
17cf79bc7c11479689a8	2025-02-24 12:23:17.942	2025-02-24 12:23:17.942	INV20250224-128571	1740399797	70000	COMPLETED
efe143132bde4003ac6d	2025-02-24 12:23:27.288	2025-02-24 12:23:27.288	INV20250224-669796	1740399807	70000	COMPLETED
d17dddd98f59485ba99c	2025-02-24 12:26:52.181	2025-02-24 12:26:52.181	INV20250224-439710	1740400012	70000	COMPLETED
f6e60c2b97954301a5dc	2025-02-24 12:29:20.745	2025-02-24 12:29:20.745	INV20250224-942358	1740400160	70000	COMPLETED
4410b469b8444bd18649	2025-02-24 12:29:32.51	2025-02-24 12:29:32.51	INV20250224-745309	1740400172	70000	COMPLETED
20080b0a1c01476c872b	2025-02-24 12:34:51.106	2025-02-24 12:34:51.106	INV20250224-446404	1740400491	70000	COMPLETED
294279a9cb7144338c3e	2025-02-24 12:34:57.595	2025-02-24 12:34:57.595	INV20250224-802801	1740400497	70000	COMPLETED
5838f88a84e247ef8f6a	2025-02-24 22:21:22.784	2025-02-24 22:21:22.784	INV20250225-110844	1740435682	70000	COMPLETED
03e5299de4e54507b9e2	2025-02-24 22:23:59.558	2025-02-24 22:23:59.558	INV20250225-41667	1740435839	70000	COMPLETED
675987a9a3de44eebef0	2025-02-24 22:25:50.948	2025-02-24 22:25:50.948	INV20250225-199986	1740435950	70000	COMPLETED
1f208f1be0d244bc813d	2025-02-24 22:27:00.344	2025-02-24 22:27:00.344	INV20250225-709462	1740436020	70000	COMPLETED
633383e07ab8448eab84	2025-02-24 22:29:28.827	2025-02-24 22:29:28.827	INV20250225-470687	1740436168	70000	COMPLETED
49f1721550b146d6b09d	2025-02-24 22:32:13.226	2025-02-24 22:32:13.226	INV20250225-21087	1740436333	70000	COMPLETED
5bfadf7b33934db49f52	2025-02-24 22:32:24.192	2025-02-24 22:32:24.192	INV20250225-6382	1740436344	70000	COMPLETED
775a53df3ac8448cbe79	2025-02-24 22:35:00.052	2025-02-24 22:35:00.052	INV20250225-161224	1740436500	70000	COMPLETED
77188c619baa41948559	2025-02-24 22:38:03.054	2025-02-24 22:38:03.054	INV20250225-647795	1740436683	70000	COMPLETED
364fa827f77a4b0c8fd1	2025-02-24 22:40:02.198	2025-02-24 22:40:02.198	INV20250225-991621	1740436802	70000	COMPLETED
67523715c2fd4222a2ba	2025-02-24 22:41:18.688	2025-02-24 22:41:18.688	INV20250225-958072	1740436878	70000	COMPLETED
50a8fdf1b339411e916a	2025-02-25 00:16:50.503	2025-02-25 00:16:50.503	INV20250225-577785	1740442610	70000	COMPLETED
be6ba0da355d49e9a65b	2025-02-25 00:18:57.511	2025-02-25 00:18:57.511	INV20250225-885863	1740442737	70000	COMPLETED
78de0c53e1864ca08ab7	2025-02-25 00:20:57.396	2025-02-25 00:20:57.396	INV20250225-792611	1740442857	70000	COMPLETED
291fd722c0c242b48911	2025-02-25 00:26:14.101	2025-02-25 00:26:14.101	INV20250225-251142	1740443174	70000	COMPLETED
6a2e6138d7834d79b99f	2025-02-25 00:30:32.627	2025-02-25 00:30:32.627	INV20250225-161536	1740443432	70000	COMPLETED
8012f6841ea34a5ea1dc	2025-02-25 00:33:37.829	2025-02-25 00:33:37.829	INV20250225-400647	1740443617	70000	COMPLETED
d564f4e0b1a648ccb1a2	2025-02-25 00:35:59.832	2025-02-25 00:35:59.832	INV20250225-165311	1740443759	70000	COMPLETED
835181cb38f2494989ac	2025-02-25 00:38:36.309	2025-02-25 00:38:36.309	INV20250225-289187	1740443916	70000	COMPLETED
736a45f763e0443f9856	2025-02-25 00:40:28.036	2025-02-25 00:40:28.036	INV20250225-168348	1740444028	70000	COMPLETED
5f16738ea48f429cad31	2025-02-25 00:42:49.874	2025-02-25 00:42:49.874	INV20250225-245407	1740444169	70000	COMPLETED
5812edcdc969438faae8	2025-02-25 00:44:41.654	2025-02-25 00:44:41.654	INV20250225-75304	1740444281	70000	COMPLETED
ba74a06dca6b41e48f75	2025-02-25 00:49:53.773	2025-02-25 00:49:53.773	INV20250225-467601	1740444593	70000	COMPLETED
3a8f122f53ec410291c8	2025-02-25 00:52:05.739	2025-02-25 00:52:05.739	INV20250225-60327	1740444725	70000	COMPLETED
e504904694ac4c6db829	2025-02-25 00:53:28.432	2025-02-25 00:53:28.432	INV20250225-119022	1740444808	70000	COMPLETED
ed04af31dda14c5491e6	2025-02-25 00:55:38.072	2025-02-25 00:55:38.072	INV20250225-808428	1740444938	70000	COMPLETED
906b504caef942f2bd25	2025-02-25 00:57:10.4	2025-02-25 00:57:10.4	INV20250225-496177	1740445030	70000	COMPLETED
9c6f50416a63421f8d3f	2025-02-25 00:59:02.056	2025-02-25 00:59:02.056	INV20250225-14432	1740445142	70000	COMPLETED
19a7084e716d45dfbedd	2025-02-25 01:32:01.824	2025-02-25 01:32:01.824	INV20250225-553753	1740447121	70000	COMPLETED
ba5cc4d52a874c5c89a9	2025-02-25 12:34:59.787	2025-02-25 12:34:59.787	INV20250225-2974	1740486899	70000	COMPLETED
89d4a93b04704457857e	2025-02-25 12:50:32.157	2025-02-25 12:50:32.157	INV20250225-977946	1740487832	70000	COMPLETED
cbfaba17cf254cb3b71c	2025-02-25 12:52:07.646	2025-02-25 12:52:07.646	INV20250225-976188	1740487927	70000	COMPLETED
d619446649864dfc8146	2025-02-25 12:53:42.285	2025-02-25 12:53:42.285	INV20250225-667886	1740488022	70000	COMPLETED
177f2c8eed194d0d90c8	2025-02-25 12:54:59.611	2025-02-25 12:54:59.611	INV20250225-980237	1740488099	70000	COMPLETED
8dbc02fc1c174b49aef1	2025-02-25 12:55:40.176	2025-02-25 12:55:40.176	INV20250225-304930	1740488140	70000	COMPLETED
f8a663454e4e4d56a561	2025-02-25 13:17:16.731	2025-02-25 13:17:16.731	INV20250225-726382	1740489436	70000	COMPLETED
1a6a32277d0c4bdaaa20	2025-02-25 13:42:36.218	2025-02-25 13:42:36.218	INV20250225-205468	1740490956	70000	COMPLETED
5d8c86987b5f45f6b76e	2025-02-25 13:45:07.55	2025-02-25 13:45:07.55	INV20250225-75748	1740491107	70000	COMPLETED
cb1514cbc83d44f09c1e	2025-02-25 13:49:42.812	2025-02-25 13:49:42.812	INV20250225-103197	1740491382	70000	COMPLETED
44fac4e1e79044ecb911	2025-02-26 14:26:27.636	2025-02-26 14:26:27.636	INV20250226-466456	1740579987	70000	COMPLETED
e1a4bffcd9c4446b8c76	2025-02-26 14:29:11.409	2025-02-26 14:29:11.409	INV20250226-9356	1740580151	70000	COMPLETED
1df7fa5f156e4d0ebb33	2025-02-26 14:30:11.061	2025-02-26 14:30:11.061	INV20250226-864271	1740580211	70000	COMPLETED
be5693d59bda4ea4bb7d	2025-02-26 14:30:37.379	2025-02-26 14:30:37.379	INV20250226-188718	1740580237	70000	COMPLETED
121d6519a7264cb6b705	2025-02-26 14:37:44.867	2025-02-26 14:37:44.867	INV20250226-389138	1740580664	70000	COMPLETED
c43cb6fb78064eebbf07	2025-02-26 14:43:13.928	2025-02-26 14:43:13.928	INV20250226-700230	1740580993	70000	COMPLETED
f5b4c80151784b0da46a	2025-02-26 14:45:21.117	2025-02-26 14:45:21.117	INV20250226-402354	1740581121	70000	COMPLETED
385959bf67324a14b3d1	2025-02-26 14:47:20.437	2025-02-26 14:47:20.437	INV20250226-168659	1740581240	70000	COMPLETED
7bb589baa7394b3e8f4a	2025-02-26 14:51:22.893	2025-02-26 14:51:22.893	INV20250226-815114	1740581482	70000	COMPLETED
6622b9ed30194a60b7e0	2025-02-26 14:51:37.716	2025-02-26 14:51:37.716	INV20250226-279485	1740581497	70000	COMPLETED
86f447da4ca34a16b11e	2025-02-26 14:58:04.63	2025-02-26 14:58:04.63	INV20250226-454861	1740581884	70000	COMPLETED
f72d5eb9ad0b4a7b9558	2025-02-26 14:59:42.361	2025-02-26 14:59:42.361	INV20250226-39144	1740581982	70000	COMPLETED
c412a933a61b477bb4a2	2025-02-26 15:01:36.633	2025-02-26 15:01:36.633	INV20250226-605123	1740582096	70000	COMPLETED
a3b7540832c5425aa77a	2025-02-26 15:10:00.784	2025-02-26 15:10:00.784	INV20250226-20892	1740582600	70000	COMPLETED
bc0c9cdcae944f90983f	2025-02-26 15:12:48.107	2025-02-26 15:12:48.107	INV20250226-202436	1740582768	70000	COMPLETED
32e7805f87c64fdba2f3	2025-02-26 15:12:59.652	2025-02-26 15:12:59.652	INV20250226-720278	1740582779	70000	COMPLETED
c8d61bb27f5747ed9c94	2025-02-27 01:24:09.671	2025-02-27 01:24:09.671	INV20250227-333788	1740619449	70000	COMPLETED
d9612d05256a4c7991dc	2025-02-27 01:28:03.292	2025-02-27 01:28:03.292	INV20250227-772032	1740619683	70000	COMPLETED
50e188fdb898433f8388	2025-02-27 01:29:05.253	2025-02-27 01:29:05.253	INV20250227-550653	1740619745	70000	COMPLETED
a0542d006009414e9ade	2025-02-27 01:30:00.128	2025-02-27 01:30:00.128	INV20250227-834315	1740619800	70000	COMPLETED
fb5ebf8a1fde4c30b26b	2025-02-27 01:30:49.581	2025-02-27 01:30:49.581	INV20250227-705992	1740619849	70000	COMPLETED
03d3f248b328481e9e2b	2025-02-27 01:31:55.055	2025-02-27 01:31:55.055	INV20250227-252419	1740619915	70000	COMPLETED
36c941c646c54e7f90a0	2025-02-27 01:33:26.06	2025-02-27 01:33:26.06	INV20250227-918581	1740620006	70000	COMPLETED
f2a672aa9b474de6904f	2025-02-27 01:34:54.182	2025-02-27 01:34:54.182	INV20250227-382480	1740620094	70000	COMPLETED
b04847718b6c4ea0a396	2025-02-27 02:48:15.6	2025-02-27 02:48:15.6	INV20250227-872852	1740624495	70000	COMPLETED
d12a9b39b8ba4013b140	2025-02-27 02:50:56.071	2025-02-27 02:50:56.071	INV20250227-579083	1740624656	70000	COMPLETED
51ee1abdb91b47cdab80	2025-02-27 02:52:05.195	2025-02-27 02:52:05.195	INV20250227-384235	1740624725	70000	COMPLETED
263c4726c4634aeabd7c	2025-02-27 02:53:50.626	2025-02-27 02:53:50.626	INV20250227-611880	1740624830	70000	COMPLETED
d99fe81ce2c94442a479	2025-02-27 02:55:18.22	2025-02-27 02:55:18.22	INV20250227-805789	1740624918	70000	COMPLETED
f5a072f72e8642b6b111	2025-02-27 02:56:35.309	2025-02-27 02:56:35.309	INV20250227-664382	1740624995	70000	COMPLETED
4d789117bb5f48698b71	2025-02-27 02:56:59.851	2025-02-27 02:56:59.851	INV20250227-580640	1740625019	70000	COMPLETED
b5f6e43c568548c19366	2025-02-27 02:57:13.922	2025-02-27 02:57:13.922	INV20250227-415905	1740625033	70000	COMPLETED
363160f075844a9093ba	2025-02-27 02:57:49.736	2025-02-27 02:57:49.736	INV20250227-920152	1740625069	70000	COMPLETED
22e73b1bba2747bd9bb2	2025-02-27 03:00:35.685	2025-02-27 03:00:35.685	INV20250227-46549	1740625235	70000	COMPLETED
e5f103bbf8484347bea0	2025-02-27 03:02:20.346	2025-02-27 03:02:20.346	INV20250227-272818	1740625340	70000	COMPLETED
0a323492e3404a288309	2025-02-27 03:03:47.323	2025-02-27 03:03:47.323	INV20250227-502190	1740625427	70000	COMPLETED
567b5f46e7f443c789cc	2025-02-27 03:05:17.417	2025-02-27 03:05:17.417	INV20250227-101442	1740625517	70000	COMPLETED
8a8491786ec74d368322	2025-02-27 03:05:34.628	2025-02-27 03:05:34.628	INV20250227-687054	1740625534	70000	COMPLETED
80056a7fe1f34eccab6b	2025-02-27 03:06:26.251	2025-02-27 03:06:26.251	INV20250227-468862	1740625586	70000	COMPLETED
67102dcd8f9541de9761	2025-02-27 03:06:51.89	2025-02-27 03:06:51.89	INV20250227-574258	1740625611	70000	COMPLETED
c4089b2d8d8c4a7aa255	2025-02-27 03:09:24.092	2025-02-27 03:09:24.092	INV20250227-848545	1740625764	70000	COMPLETED
3a87f36fbf644953977f	2025-02-27 03:11:15.151	2025-02-27 03:11:15.151	INV20250227-198596	1740625875	70000	COMPLETED
0c9408f41f5143239606	2025-02-27 03:12:56.069	2025-02-27 03:12:56.069	INV20250227-752471	1740625976	70000	COMPLETED
123201f1133949ec90cb	2025-02-27 03:14:44.678	2025-02-27 03:14:44.678	INV20250227-109062	1740626084	70000	COMPLETED
8152e81d5e4a4cf59092	2025-02-27 03:15:04.582	2025-02-27 03:15:04.582	INV20250227-366179	1740626104	70000	COMPLETED
e7e70ce9ee2b4b4dbf75	2025-02-27 03:17:20.436	2025-02-27 03:17:20.436	INV20250227-697548	1740626240	70000	COMPLETED
d38cb1ab61394a198e50	2025-02-27 03:18:56.191	2025-02-27 03:18:56.191	INV20250227-257812	1740626336	70000	COMPLETED
18f87c08d45a48b5b790	2025-02-27 03:22:35.572	2025-02-27 03:22:35.572	INV20250227-941472	1740626555	70000	COMPLETED
257e197b3492493a967e	2025-02-27 03:24:35.468	2025-02-27 03:24:35.468	INV20250227-58984	1740626675	70000	COMPLETED
c39d1afec8634ad5921d	2025-02-27 03:25:02.442	2025-02-27 03:25:02.442	INV20250227-543031	1740626702	70000	COMPLETED
079a2d13801f48d099a9	2025-02-27 03:26:57.474	2025-02-27 03:26:57.474	INV20250227-195882	1740626817	70000	COMPLETED
7fe2dfe5577045948649	2025-02-27 03:29:50.881	2025-02-27 03:29:50.881	INV20250227-307074	1740626990	70000	COMPLETED
1e0dbcb69aa94d3cba9a	2025-02-27 03:32:02.249	2025-02-27 03:32:02.249	INV20250227-700243	1740627122	70000	COMPLETED
eb223a7e5c15424aa9f1	2025-02-27 03:33:24.074	2025-02-27 03:33:24.074	INV20250227-966156	1740627204	70000	COMPLETED
9bbc76279f814e4b869a	2025-02-27 03:34:39.713	2025-02-27 03:34:39.713	INV20250227-593578	1740627279	70000	COMPLETED
1f80e80cea944a078bfa	2025-02-27 03:35:45.3	2025-02-27 03:35:45.3	INV20250227-176772	1740627345	70000	COMPLETED
4fbddac74f4147799783	2025-02-27 03:37:31.201	2025-02-27 03:37:31.201	INV20250227-665918	1740627451	70000	COMPLETED
2758b554ec6c4e9caa54	2025-02-27 03:38:46.009	2025-02-27 03:38:46.009	INV20250227-386706	1740627526	70000	COMPLETED
d5d93d4fc7d34826a37c	2025-02-27 03:39:57.164	2025-02-27 03:39:57.164	INV20250227-572534	1740627597	70000	COMPLETED
90ed1407a0094d91a064	2025-03-11 07:45:16.304	2025-03-11 07:45:16.304	INV20250311-404251	1741679116	70000	COMPLETED
936961b3019b4482985a	2025-03-11 07:47:06.194	2025-03-11 07:47:06.194	INV20250311-99724	1741679226	70000	COMPLETED
c406fab5001340a2ae77	2025-03-11 07:51:02.359	2025-03-11 07:51:02.359	INV20250311-49864	1741679462	70000	COMPLETED
f7b3aa7432ce45ec98a2	2025-03-11 07:53:37.249	2025-03-11 07:53:37.249	INV20250311-722374	1741679617	70000	COMPLETED
d82378153c934d12808f	2025-03-11 07:55:36.485	2025-03-11 07:55:36.485	INV20250311-346078	1741679736	70000	COMPLETED
efc734ff3dfb46e898f8	2025-03-11 07:57:23.057	2025-03-11 07:57:23.057	INV20250311-848637	1741679843	70000	COMPLETED
443dbb238fd54afc982b	2025-03-11 08:03:39.166	2025-03-11 08:03:39.166	INV20250311-491497	1741680219	70000	COMPLETED
88b339e8fb2a4048876c	2025-02-27 03:10:57.464	2025-03-14 04:15:11.872	INV20250227-243859	1740625857	70000	COMPLETED
22e014b01c534f6ebd42	2025-02-25 00:46:12.171	2025-03-14 04:14:58.806	INV20250225-176359	1740444372	70000	COMPLETED
\.


--
-- Data for Name: School; Type: TABLE DATA; Schema: public; Owner: postgres
--

COPY public."School" ("Id", "DateCreate", "DateUpdate", "Name", "Stage", "Subdistrict", "Ward", "Status") FROM stdin;
fd8b1b306b1c415eb00c	2025-02-19 13:14:28.717	2025-02-19 13:14:28.717	SD NEGERI 1 KANDANGAN	SD	PESANGGARAN	KANDANGAN	NEGERI
a2f3cd91e43f4363b97c	2025-02-19 13:14:28.717	2025-02-19 13:14:28.717	SD NEGERI 1 PESANGGARAN	SD	PESANGGARAN	PESANGGARAN	NEGERI
77ab61e031744bb5b743	2025-02-19 13:14:28.717	2025-02-19 13:14:28.717	SD NEGERI 1 SARONGAN	SD	PESANGGARAN	SARONGAN	NEGERI
a59679aa6c2d44f39135	2025-02-19 13:14:28.717	2025-02-19 13:14:28.717	SD NEGERI 1 SUMBERAGUNG	SD	PESANGGARAN	SUMBERAGUNG	NEGERI
d8e686b3c2cc412aba23	2025-02-19 13:14:28.717	2025-02-19 13:14:28.717	SD NEGERI 1 SUMBERMULYO	SD	PESANGGARAN	SUMBERMULYO	NEGERI
d841e930dabe4d52a540	2025-02-19 13:14:28.717	2025-02-19 13:14:28.717	SD NEGERI 10 PESANGGARAN	SD	PESANGGARAN	PESANGGARAN	NEGERI
af26f84c56a848be91f9	2025-02-19 13:14:28.717	2025-02-19 13:14:28.717	SD NEGERI 11 PESANGGARAN	SD	PESANGGARAN	PESANGGARAN	NEGERI
fefdf9f09d4c4cc3a2cc	2025-02-19 13:14:28.717	2025-02-19 13:14:28.717	SD NEGERI 2 KANDANGAN	SD	PESANGGARAN	KANDANGAN	NEGERI
c39e9580461d4a60a4df	2025-02-19 13:14:28.717	2025-02-19 13:14:28.717	SD NEGERI 2 PESANGGARAN	SD	PESANGGARAN	PESANGGARAN	NEGERI
a65be90a61c545cbaa96	2025-02-19 13:14:28.717	2025-02-19 13:14:28.717	SD NEGERI 2 SARONGAN	SD	PESANGGARAN	SARONGAN	NEGERI
ace4a6745f9e44ab9f89	2025-02-19 13:14:28.717	2025-02-19 13:14:28.717	SD NEGERI 2 SUMBERAGUNG	SD	PESANGGARAN	SUMBERAGUNG	NEGERI
4f850ba5673e4363a502	2025-02-19 13:14:28.717	2025-02-19 13:14:28.717	SD NEGERI 2 SUMBERMULYO	SD	PESANGGARAN	SUMBERMULYO	NEGERI
7ba71168ed654c9aa5e1	2025-02-19 13:14:28.717	2025-02-19 13:14:28.717	SD NEGERI 3 KANDANGAN	SD	PESANGGARAN	KANDANGAN	NEGERI
140ca259a08b4c658a9c	2025-02-19 13:14:28.717	2025-02-19 13:14:28.717	SD NEGERI 3 PESANGGARAN	SD	PESANGGARAN	PESANGGARAN	NEGERI
c65e28e0807748a29e95	2025-02-19 13:14:28.717	2025-02-19 13:14:28.717	SD NEGERI 3 SARONGAN	SD	PESANGGARAN	SARONGAN	NEGERI
bf996790ce394736a36c	2025-02-19 13:14:28.717	2025-02-19 13:14:28.717	SD NEGERI 3 SUMBERAGUNG	SD	PESANGGARAN	SUMBERAGUNG	NEGERI
ef8139df7102434fb65d	2025-02-19 13:14:28.717	2025-02-19 13:14:28.717	SD NEGERI 3 SUMBERMULYO	SD	PESANGGARAN	SUMBERMULYO	NEGERI
bb2ffc7f4c274882b535	2025-02-19 13:14:28.717	2025-02-19 13:14:28.717	SD NEGERI 4 KANDANGAN	SD	PESANGGARAN	KANDANGAN	NEGERI
d1cfbfd604db459b9e03	2025-02-19 13:14:28.717	2025-02-19 13:14:28.717	SD NEGERI 4 SARONGAN	SD	PESANGGARAN	SARONGAN	NEGERI
f0b315e21c704c0f8815	2025-02-19 13:14:28.717	2025-02-19 13:14:28.717	SD NEGERI 4 SUMBERAGUNG	SD	PESANGGARAN	SUMBERAGUNG	NEGERI
3790b8cef42f4ad296a8	2025-02-19 13:14:28.717	2025-02-19 13:14:28.717	SD NEGERI 4 SUMBERMULYO	SD	PESANGGARAN	SUMBERMULYO	NEGERI
d409c23afbcb49478ffb	2025-02-19 13:14:28.717	2025-02-19 13:14:28.717	SD NEGERI 5 KANDANGAN	SD	PESANGGARAN	KANDANGAN	NEGERI
77e534513a6c49d69c50	2025-02-19 13:14:28.717	2025-02-19 13:14:28.717	SD NEGERI 5 PESANGGARAN	SD	PESANGGARAN	PESANGGARAN	NEGERI
6f3b7eea853e462097f7	2025-02-19 13:14:28.717	2025-02-19 13:14:28.717	SD NEGERI 5 SUMBERAGUNG	SD	PESANGGARAN	SUMBERAGUNG	NEGERI
1763448552f640078e60	2025-02-19 13:14:28.717	2025-02-19 13:14:28.717	SD NEGERI 6 KANDANGAN	SD	PESANGGARAN	KANDANGAN	NEGERI
6c583aad8577417aa0f5	2025-02-19 13:14:28.717	2025-02-19 13:14:28.717	SD NEGERI 6 PESANGGARAN	SD	PESANGGARAN	PESANGGARAN	NEGERI
b686ec3f4708490d9fa7	2025-02-19 13:14:28.717	2025-02-19 13:14:28.717	SD NEGERI 6 SARONGAN	SD	PESANGGARAN	SARONGAN	NEGERI
8c9ac06b021848d28ecd	2025-02-19 13:14:28.717	2025-02-19 13:14:28.717	SD NEGERI 6 SUMBERAGUNG	SD	PESANGGARAN	SUMBERAGUNG	NEGERI
81943fca150040c89ed4	2025-02-19 13:14:28.717	2025-02-19 13:14:28.717	SD NEGERI 7 KANDANGAN	SD	PESANGGARAN	KANDANGAN	NEGERI
05aaa947372e419b902c	2025-02-19 13:14:28.717	2025-02-19 13:14:28.717	SD NEGERI 7 SUMBERAGUNG	SD	PESANGGARAN	SUMBERAGUNG	NEGERI
d4aa6d057d9842f38601	2025-02-19 13:14:28.717	2025-02-19 13:14:28.717	SD NEGERI 8 PESANGGARAN	SD	PESANGGARAN	PESANGGARAN	NEGERI
95af4dd3c6084ad18304	2025-02-19 13:14:28.717	2025-02-19 13:14:28.717	SD NEGERI 8 SUMBERAGUNG	SD	PESANGGARAN	SUMBERAGUNG	NEGERI
2814214e43af4913bf1e	2025-02-19 13:14:28.717	2025-02-19 13:14:28.717	SD NEGERI 9 SUMBERAGUNG	SD	PESANGGARAN	SUMBERAGUNG	NEGERI
643215736880405eacb6	2025-02-19 13:14:28.717	2025-02-19 13:14:28.717	SD NEGERI 1 BANGOREJO	SD	BANGOREJO	BANGOREJO	NEGERI
173721c7cccc4bc1839a	2025-02-19 13:14:28.717	2025-02-19 13:14:28.717	SD NEGERI 1 KEBONDALEM	SD	BANGOREJO	KEBONDALEM	NEGERI
c8701ea4d7de498280fd	2025-02-19 13:14:28.717	2025-02-19 13:14:28.717	SD NEGERI 1 RINGINTELU	SD	BANGOREJO	RINGINTELU	NEGERI
6f24a4a046d34446966d	2025-02-19 13:14:28.717	2025-02-19 13:14:28.717	SD NEGERI 1 SAMBIMULYO	SD	BANGOREJO	SAMBIMULYO	NEGERI
8d38ffd3f43a4804b530	2025-02-19 13:14:28.717	2025-02-19 13:14:28.717	SD NEGERI 1 SAMBIREJO	SD	BANGOREJO	SAMBIREJO	NEGERI
f2f8de2b1153493eaced	2025-02-19 13:14:28.717	2025-02-19 13:14:28.717	SD NEGERI 1 SUKOREJO	SD	BANGOREJO	SUKOREJO	NEGERI
37fda223e50d42cba723	2025-02-19 13:14:28.717	2025-02-19 13:14:28.717	SD NEGERI 2 KEBONDALEM	SD	BANGOREJO	KEBONDALEM	NEGERI
8960db873e2049daaf55	2025-02-19 13:14:28.717	2025-02-19 13:14:28.717	SD NEGERI 2 RINGINTELU	SD	BANGOREJO	RINGINTELU	NEGERI
9ed83f6ffed44270bf58	2025-02-19 13:14:28.717	2025-02-19 13:14:28.717	SD NEGERI 2 SAMBIMULYO	SD	BANGOREJO	SAMBIMULYO	NEGERI
6609fe0bac0c4a4cbec1	2025-02-19 13:14:28.717	2025-02-19 13:14:28.717	SD NEGERI 2 SAMBIREJO	SD	BANGOREJO	SAMBIREJO	NEGERI
3a96afc3cf394899afc3	2025-02-19 13:14:28.717	2025-02-19 13:14:28.717	SD NEGERI 2 SUKOREJO	SD	BANGOREJO	SUKOREJO	NEGERI
e9b579684ee848dbac38	2025-02-19 13:14:28.717	2025-02-19 13:14:28.717	SD NEGERI 2 TEMUREJO	SD	BANGOREJO	TEMUREJO	NEGERI
a7905abf852a4d1a9291	2025-02-19 13:14:28.717	2025-02-19 13:14:28.717	SD NEGERI 3 BANGOREJO	SD	BANGOREJO	BANGOREJO	NEGERI
ff7f12e5a43d41d48ed1	2025-02-19 13:14:28.717	2025-02-19 13:14:28.717	SD NEGERI 3 KEBONDALEM	SD	BANGOREJO	KEBONDALEM	NEGERI
21be142c4463483680ba	2025-02-19 13:14:28.717	2025-02-19 13:14:28.717	SD NEGERI 3 SAMBIMULYO	SD	BANGOREJO	SAMBIMULYO	NEGERI
690518e79cdf451d9686	2025-02-19 13:14:28.717	2025-02-19 13:14:28.717	SD NEGERI 3 SAMBIREJO	SD	BANGOREJO	SAMBIREJO	NEGERI
2317c3ad28b341c293eb	2025-02-19 13:14:28.717	2025-02-19 13:14:28.717	SD NEGERI 3 TEMUREJO	SD	BANGOREJO	TEMUREJO	NEGERI
f2e5053effe1488b8913	2025-02-19 13:14:28.717	2025-02-19 13:14:28.717	SD NEGERI 4 BANGOREJO	SD	BANGOREJO	BANGOREJO	NEGERI
88293e4294f1416a94a8	2025-02-19 13:14:28.717	2025-02-19 13:14:28.717	SD NEGERI 4 KEBONDALEM	SD	BANGOREJO	KEBONDALEM	NEGERI
d49b44d03b5247eabd3e	2025-02-19 13:14:28.717	2025-02-19 13:14:28.717	SD NEGERI 4 SAMBIMULYO	SD	BANGOREJO	SAMBIMULYO	NEGERI
10ceb4612b5643cbaef0	2025-02-19 13:14:28.717	2025-02-19 13:14:28.717	SD NEGERI 4 SAMBIREJO	SD	BANGOREJO	SAMBIREJO	NEGERI
27376b7d31af48f9810f	2025-02-19 13:14:28.717	2025-02-19 13:14:28.717	SD NEGERI 4 SUKOREJO	SD	BANGOREJO	SUKOREJO	NEGERI
50818bbcfd8340ffa21d	2025-02-19 13:14:28.717	2025-02-19 13:14:28.717	SD NEGERI 4 TEMUREJO	SD	BANGOREJO	TEMUREJO	NEGERI
fd5d08e9bbb7434fa04e	2025-02-19 13:14:28.717	2025-02-19 13:14:28.717	SD NEGERI 5 KEBONDALEM	SD	BANGOREJO	KEBONDALEM	NEGERI
8ef918fe38964bc58673	2025-02-19 13:14:28.717	2025-02-19 13:14:28.717	SD NEGERI 6 KEBONDALEM	SD	BANGOREJO	KEBONDALEM	NEGERI
ab218940184b4499a7b5	2025-02-19 13:14:28.717	2025-02-19 13:14:28.717	SD NEGERI 6 SAMBIREJO	SD	BANGOREJO	SAMBIREJO	NEGERI
3b243cbf429649838d82	2025-02-19 13:14:28.717	2025-02-19 13:14:28.717	SD NEGERI 6 TEMUREJO	SD	BANGOREJO	TEMUREJO	NEGERI
b613a1cabfe541c3af3c	2025-02-19 13:14:28.717	2025-02-19 13:14:28.717	SD NEGERI 7 KEBONDALEM	SD	BANGOREJO	KEBONDALEM	NEGERI
27f83a8b0e3b41058022	2025-02-19 13:14:28.717	2025-02-19 13:14:28.717	SD KATOLIK SANG TIMUR SUMBERJATI	SD	PURWOHARJO	GRAJAGAN	SWASTA
2f2d546f8f02447aaf3d	2025-02-19 13:14:28.717	2025-02-19 13:14:28.717	SD MUHAMMADIYAH 11	SD	PURWOHARJO	KRADENAN	SWASTA
06db54f2b6584c3b84e4	2025-02-19 13:14:28.717	2025-02-19 13:14:28.717	SD MUHAMMADIYAH 12	SD	PURWOHARJO	GLAGAHAGUNG	SWASTA
9b5291cda88c4ebb859f	2025-02-19 13:14:28.717	2025-02-19 13:14:28.717	SD MUHAMMADIYAH 15	SD	PURWOHARJO	SUMBERASRI	SWASTA
1f03d198a07441ecbe5d	2025-02-19 13:14:28.717	2025-02-19 13:14:28.717	SD NEGERI 1 BULUREJO	SD	PURWOHARJO	BULUREJO	NEGERI
746f6aab6dc64e55aa02	2025-02-19 13:14:28.717	2025-02-19 13:14:28.717	SD NEGERI 1 GLAGAHAGUNG	SD	PURWOHARJO	GLAGAHAGUNG	NEGERI
175981f6d1c34978912a	2025-02-19 13:14:28.717	2025-02-19 13:14:28.717	SD NEGERI 1 GRAJAGAN	SD	PURWOHARJO	GRAJAGAN	NEGERI
797b1dc7600846a9b179	2025-02-19 13:14:28.717	2025-02-19 13:14:28.717	SD NEGERI 1 KRADENAN	SD	PURWOHARJO	KRADENAN	NEGERI
b1900eccf14346c0b69d	2025-02-19 13:14:28.717	2025-02-19 13:14:28.717	SD NEGERI 1 PURWOHARJO	SD	PURWOHARJO	PURWOHARJO	NEGERI
9296fc732b2c4571a025	2025-02-19 13:14:28.717	2025-02-19 13:14:28.717	SD NEGERI 1 SIDOREJO	SD	PURWOHARJO	SIDOREJO	NEGERI
eb10a6f3eae84087b6ae	2025-02-19 13:14:28.717	2025-02-19 13:14:28.717	SD NEGERI 1 SUMBERASRI	SD	PURWOHARJO	SUMBERASRI	NEGERI
9d994d8fc4fb43df995e	2025-02-19 13:14:28.717	2025-02-19 13:14:28.717	SD NEGERI 2 BULUREJO	SD	PURWOHARJO	BULUREJO	NEGERI
74a3223478b14e508eac	2025-02-19 13:14:28.717	2025-02-19 13:14:28.717	SD NEGERI 2 KRADENAN	SD	PURWOHARJO	KRADENAN	NEGERI
a6879229063f49908387	2025-02-19 13:14:28.717	2025-02-19 13:14:28.717	SD NEGERI 2 PURWOHARJO	SD	PURWOHARJO	PURWOHARJO	NEGERI
89459febbc574c1c81da	2025-02-19 13:14:28.717	2025-02-19 13:14:28.717	SD NEGERI 2 SIDOREJO	SD	PURWOHARJO	SIDOREJO	NEGERI
a2a4dc4cfa3148ce87d6	2025-02-19 13:14:28.717	2025-02-19 13:14:28.717	SD NEGERI 3 BULUREJO	SD	PURWOHARJO	BULUREJO	NEGERI
bf32d6e3970a457f83ac	2025-02-19 13:14:28.717	2025-02-19 13:14:28.717	SD NEGERI 3 GLAGAHAGUNG	SD	PURWOHARJO	GLAGAHAGUNG	NEGERI
2870563363f14022a663	2025-02-19 13:14:28.717	2025-02-19 13:14:28.717	SD NEGERI 3 GRAJAGAN	SD	PURWOHARJO	GRAJAGAN	NEGERI
693ec8f9953a4231b552	2025-02-19 13:14:28.717	2025-02-19 13:14:28.717	SD NEGERI 3 KRADENAN	SD	PURWOHARJO	KRADENAN	NEGERI
d7527a63d7a64f0b8edb	2025-02-19 13:14:28.717	2025-02-19 13:14:28.717	SD NEGERI 3 SIDOREJO	SD	PURWOHARJO	SIDOREJO	NEGERI
9dfe74669fe34e4db7f3	2025-02-19 13:14:28.717	2025-02-19 13:14:28.717	SD NEGERI 3 SUMBERASRI	SD	PURWOHARJO	SUMBERASRI	NEGERI
815946ad0ca44199837f	2025-02-19 13:14:28.717	2025-02-19 13:14:28.717	SD NEGERI 4 BULUREJO	SD	PURWOHARJO	BULUREJO	NEGERI
7969c19433724fe88725	2025-02-19 13:14:28.717	2025-02-19 13:14:28.717	SD NEGERI 4 GRAJAGAN	SD	PURWOHARJO	GRAJAGAN	NEGERI
dbe38bfa8e0344d191a1	2025-02-19 13:14:28.717	2025-02-19 13:14:28.717	SD NEGERI 4 KRADENAN	SD	PURWOHARJO	KRADENAN	NEGERI
e32b2c4ef0294d3aa42f	2025-02-19 13:14:28.717	2025-02-19 13:14:28.717	SD NEGERI 4 PURWOHARJO	SD	PURWOHARJO	PURWOHARJO	NEGERI
b75a6e785d58424da27b	2025-02-19 13:14:28.717	2025-02-19 13:14:28.717	SD NEGERI 4 SUMBERASRI	SD	PURWOHARJO	SUMBERASRI	NEGERI
96732de8e3224a92ace0	2025-02-19 13:14:28.717	2025-02-19 13:14:28.717	SD NEGERI 5 BULUREJO	SD	PURWOHARJO	BULUREJO	NEGERI
50aac70ab57c41fdad0e	2025-02-19 13:14:28.717	2025-02-19 13:14:28.717	SD NEGERI 5 GRAJAGAN	SD	PURWOHARJO	GRAJAGAN	NEGERI
6ae0a0fa891141349003	2025-02-19 13:14:28.717	2025-02-19 13:14:28.717	SD NEGERI 8 GRAJAGAN	SD	PURWOHARJO	GRAJAGAN	NEGERI
8a223a16b79f469fa5b0	2025-02-19 13:14:28.717	2025-02-19 13:14:28.717	SD NEGERI KARETAN	SD	PURWOHARJO	KARETAN	NEGERI
f182c39a92f848aca27e	2025-02-19 13:14:28.717	2025-02-19 13:14:28.717	SD NU KRADENAN	SD	PURWOHARJO	KRADENAN	SWASTA
5bd82af3865b4949a81b	2025-02-19 13:14:28.717	2025-02-19 13:14:28.717	SD NEGERI 1 BARUREJO	SD	SILIRAGUNG	BARUREJO	NEGERI
10c888d0ae6a4b729d5e	2025-02-19 13:14:28.717	2025-02-19 13:14:28.717	SD NEGERI 1 BULUAGUNG	SD	SILIRAGUNG	BUKUGUNG	NEGERI
be5a454fb25e48a396ac	2025-02-19 13:14:28.717	2025-02-19 13:14:28.717	SD NEGERI 1 KESILIR	SD	SILIRAGUNG	KESILIR	NEGERI
c0934e2f8b72476c8a0a	2025-02-19 13:14:28.717	2025-02-19 13:14:28.717	SD NEGERI 1 SENEPOREJO	SD	SILIRAGUNG	SENEPOREJO	NEGERI
abf1097f325948d9bfa1	2025-02-19 13:14:28.717	2025-02-19 13:14:28.717	SD NEGERI 1 SILIRAGUNG	SD	SILIRAGUNG	SILIRAGUNG	NEGERI
0a83b20efe68429cb7d1	2025-02-19 13:14:28.717	2025-02-19 13:14:28.717	SD NEGERI 2 BARUREJO	SD	SILIRAGUNG	BARUREJO	NEGERI
a44dc8990de04c9aa6eb	2025-02-19 13:14:28.717	2025-02-19 13:14:28.717	SD NEGERI 2 BULUAGUNG	SD	SILIRAGUNG	BULUAGUNG	NEGERI
04d74f658ea94e68aed6	2025-02-19 13:14:28.717	2025-02-19 13:14:28.717	SD NEGERI 2 KESILIR	SD	SILIRAGUNG	KESILIR	NEGERI
72bc4334231040d3ba31	2025-02-19 13:14:28.717	2025-02-19 13:14:28.717	SD NEGERI 2 SENEPOREJO	SD	SILIRAGUNG	SENEPOREJO	NEGERI
9c4a93497d9c465480f6	2025-02-19 13:14:28.717	2025-02-19 13:14:28.717	SD NEGERI 2 SILIRAGUNG	SD	SILIRAGUNG	SILIRAGUNG	NEGERI
144144f4721a40be9e7e	2025-02-19 13:14:28.717	2025-02-19 13:14:28.717	SD NEGERI 3 BARUREJO	SD	SILIRAGUNG	BARUREJO	NEGERI
43c07fc80b1f439895eb	2025-02-19 13:14:28.717	2025-02-19 13:14:28.717	SD NEGERI 3 BULUAGUNG	SD	SILIRAGUNG	BULUAGUNG	NEGERI
5d81e61835914688add7	2025-02-19 13:14:28.717	2025-02-19 13:14:28.717	SD NEGERI 3 KESILIR	SD	SILIRAGUNG	KESILIR	NEGERI
010c8c5afb2b4e32ac59	2025-02-19 13:14:28.717	2025-02-19 13:14:28.717	SD NEGERI 3 SENEPOREJO	SD	SILIRAGUNG	SENEPOREJO	NEGERI
3da5fe611f844157bfe3	2025-02-19 13:14:28.717	2025-02-19 13:14:28.717	SD NEGERI 3 SILIRAGUNG	SD	SILIRAGUNG	SILIRAGUNG	NEGERI
46709374149148da925f	2025-02-19 13:14:28.717	2025-02-19 13:14:28.717	SD NEGERI 4 BARUREJO	SD	SILIRAGUNG	BARUREJO	NEGERI
9e1b36b77d0b4c9ca3b9	2025-02-19 13:14:28.717	2025-02-19 13:14:28.717	SD NEGERI 5 BARUREJO	SD	SILIRAGUNG	BARUREJO	NEGERI
3778ea2a2a474e2e9bb8	2025-02-19 13:14:28.717	2025-02-19 13:14:28.717	SD NEGERI 5 BULUAGUNG	SD	SILIRAGUNG	BULUAGUNG	NEGERI
c4ba99052fe74213be3b	2025-02-19 13:14:28.717	2025-02-19 13:14:28.717	SD NEGERI 5 SENEPOREJO	SD	SILIRAGUNG	SENEPOREJO	NEGERI
eebce2382ca940c98b4b	2025-02-19 13:14:28.717	2025-02-19 13:14:28.717	SD NEGERI 5 SILIRAGUNG	SD	SILIRAGUNG	SILIRAGUNG	NEGERI
c411fb5dd1e5420cbc99	2025-02-19 13:14:28.717	2025-02-19 13:14:28.717	SD NEGERI 6 BULUAGUNG	SD	SILIRAGUNG	BULUAGUNG	NEGERI
0f40e117a3ef493ba04d	2025-02-19 13:14:28.717	2025-02-19 13:14:28.717	SD NEGERI 6 KESILIR	SD	SILIRAGUNG	KESILIR	NEGERI
5dd737321a9f439f8a1f	2025-02-19 13:14:28.717	2025-02-19 13:14:28.717	SD NEGERI 8 BARUREJO	SD	SILIRAGUNG	BARUREJO	NEGERI
87a418671f0c4d608e3a	2025-02-19 13:14:28.717	2025-02-19 13:14:28.717	SD NEGERI 9 BARUREJO	SD	SILIRAGUNG	BARUREJO	NEGERI
f15bbf9da9bf4e1db119	2025-02-19 13:14:28.717	2025-02-19 13:14:28.717	SDI NU AL MUTTAQIN	SD	SILIRAGUNG	SELOAGUNG	SWASTA
07d5d0e2a9ee4d6aa7b2	2025-02-19 13:14:28.717	2025-02-19 13:14:28.717	MIS AL MUAWANAH 1	SD	SILIRAGUNG	BARUREJO	SWASTA
d930edf0ce4548d2abc0	2025-02-19 13:14:28.717	2025-02-19 13:14:28.717	MIS AL MUAWANAH 2	SD	SILIRAGUNG	BARUREJO	SWASTA
9f804eaa4ca948c6ac58	2025-02-19 13:14:28.717	2025-02-19 13:14:28.717	MIS AL MUNTAFIAH	SD	SILIRAGUNG	BARUREJO	SWASTA
f01a52fcfcef40728279	2025-02-19 13:14:28.717	2025-02-19 13:14:28.717	MIS DARUL HUDA	SD	SILIRAGUNG	KESILIR	SWASTA
fb7bd1709501464b90cc	2025-02-19 13:14:28.717	2025-02-19 13:14:28.717	MIS MIFTAHUL HUDA	SD	SILIRAGUNG	SENEPOREJO	SWASTA
f4817f6caf6846fc92d9	2025-02-19 13:14:28.717	2025-02-19 13:14:28.717	MIS MIFTAHUL MUNA	SD	SILIRAGUNG	KESILIR	SWASTA
fe80e6319b9e48adb7c2	2025-02-19 13:14:28.717	2025-02-19 13:14:28.717	MIS MIFTAHUL ULUM	SD	SILIRAGUNG	BULUAGUNG	SWASTA
b68f6c9338224af28f46	2025-02-19 13:14:28.717	2025-02-19 13:14:28.717	MIS WATHONIYAH	SD	SILIRAGUNG	BULUAGUNG	SWASTA
a4364c03cdf242deb2a2	2025-02-19 13:14:28.717	2025-02-19 13:14:28.717	TK PERTIWI 18 SILIRAGUNG	TK	SILIRAGUNG	SILIRAGUNG	SWASTA
12f06c10cedd44f89121	2025-02-19 13:14:28.717	2025-02-19 13:14:28.717	TK PERTIWI 19 SENEPOREJO	TK	SILIRAGUNG	SILIRAGUNG	SWASTA
a04e8221de054189b8d1	2025-02-19 13:14:28.717	2025-02-19 13:14:28.717	TK KARTINI	TK	SILIRAGUNG	SILIRAGUNG	SWASTA
e3bcfe41ac9e4dabbf34	2025-02-19 13:14:28.717	2025-02-19 13:14:28.717	TK KHADIJAH 136	TK	SILIRAGUNG	SILIRAGUNG	SWASTA
083f69be8add483bb349	2025-02-19 13:14:28.717	2025-02-19 13:14:28.717	TK TRUNOJOYO	TK	SILIRAGUNG	SILIRAGUNG	SWASTA
7737c6a02ebd41f79142	2025-02-19 13:14:28.717	2025-02-19 13:14:28.717	TK KHADIJAH 132	TK	SILIRAGUNG	SILIRAGUNG	SWASTA
099f7534d86f48ff8b4b	2025-02-19 13:14:28.717	2025-02-19 13:14:28.717	TK ROHMAWATI	TK	SILIRAGUNG	SILIRAGUNG	SWASTA
7d3d83ddc73644c98d6a	2025-02-19 13:14:28.717	2025-02-19 13:14:28.717	TK KHADIJAH 86 BARUREJO	TK	SILIRAGUNG	SILIRAGUNG	SWASTA
2e4023709abd418cbc21	2025-02-19 13:14:28.717	2025-02-19 13:14:28.717	TK PERMATA BANGSA	TK	SILIRAGUNG	SILIRAGUNG	SWASTA
4246ec61cbbd4bddbaf4	2025-02-19 13:14:28.717	2025-02-19 13:14:28.717	TK AL FALAH	TK	SILIRAGUNG	SILIRAGUNG	SWASTA
352bf03c54fe41cfa077	2025-02-19 13:14:28.717	2025-02-19 13:14:28.717	TK AL HUDA	TK	SILIRAGUNG	SILIRAGUNG	SWASTA
a22de2d4ec19456b8e45	2025-02-19 13:14:28.717	2025-02-19 13:14:28.717	TK AL KAUTSAR	TK	SILIRAGUNG	SILIRAGUNG	SWASTA
e91a8b3ebdc044fca7e5	2025-02-19 13:14:28.717	2025-02-19 13:14:28.717	TK CAHAYA HATI	TK	SILIRAGUNG	SILIRAGUNG	SWASTA
0207eb5229e3496984c3	2025-02-19 13:14:28.717	2025-02-19 13:14:28.717	TK KEMALA BHAYANGKARI 39	TK	SILIRAGUNG	SILIRAGUNG	SWASTA
b29eccc92a6d409d9eaa	2025-02-19 13:14:28.717	2025-02-19 13:14:28.717	TK LARASATI	TK	SILIRAGUNG	SILIRAGUNG	SWASTA
68266642ba8949ec8cd5	2025-02-19 13:14:28.717	2025-02-19 13:14:28.717	TK MASYITHOH	TK	SILIRAGUNG	SILIRAGUNG	SWASTA
262732ce36644ad0ad61	2025-02-19 13:14:28.717	2025-02-19 13:14:28.717	TK PKK	TK	SILIRAGUNG	SILIRAGUNG	SWASTA
9a1aa147f9ce448e90d5	2025-02-19 13:14:28.717	2025-02-19 13:14:28.717	TK CITRA ADI BANGSA PESANGGARAN	TK	PESANGGARAN	SILIRAGUNG	SWASTA
0fad38d35aac49678a69	2025-02-19 13:14:28.717	2025-02-19 13:14:28.717	TK DARUL FALAH	TK	SILIRAGUNG	SILIRAGUNG	SWASTA
49c41c347a654a529228	2025-02-19 13:14:28.717	2025-02-19 13:14:28.717	TK NUSA INDAH PESANGGARAN	TK	PESANGGARAN	SILIRAGUNG	SWASTA
9a108321b3474aa2940d	2025-02-19 13:14:28.717	2025-02-19 13:14:28.717	TK HARAPAN BANGSA SUMBERMULYO	TK	SILIRAGUNG	SILIRAGUNG	SWASTA
896f3f830c39400c8ad2	2025-02-19 13:14:28.717	2025-02-19 13:14:28.717	TK SWASTA SURYA KUSUMA	TK	SILIRAGUNG	SILIRAGUNG	SWASTA
604a4bfa9d2a40a1a5ac	2025-02-19 13:14:28.717	2025-02-19 13:14:28.717	TK PERTIWI 7 SARONGAN	TK	SILIRAGUNG	SILIRAGUNG	SWASTA
7a1679037c604b6083c2	2025-02-19 13:14:28.717	2025-02-19 13:14:28.717	TK PUSPA INDAH KANDANGAN	TK	SILIRAGUNG	SILIRAGUNG	SWASTA
d5c833bab9eb49679a5c	2025-02-19 13:14:28.717	2025-02-19 13:14:28.717	TK TUNAS	TK	SILIRAGUNG	SILIRAGUNG	SWASTA
24a58edbba5343139e9e	2025-02-19 13:14:28.717	2025-02-19 13:14:28.717	TK TUNAS BANGSA	TK	SILIRAGUNG	SILIRAGUNG	SWASTA
5bc1feed9b3240dc8d07	2025-02-19 13:14:28.717	2025-02-19 13:14:28.717	TK TUNAS BANGSA 4 SUMBERAGUNG	TK	SILIRAGUNG	SILIRAGUNG	SWASTA
5a457de6dc6548e7a0d9	2025-02-19 13:14:28.717	2025-02-19 13:14:28.717	TKS KUNCUP HARAPAN	TK	SILIRAGUNG	SILIRAGUNG	SWASTA
3036d290c89c4edd9f88	2025-02-19 13:14:28.717	2025-02-19 13:14:28.717	TKS SURYA KUSUMA	TK	SILIRAGUNG	SILIRAGUNG	SWASTA
135bdc2d25a84c02896a	2025-02-19 13:14:28.717	2025-02-19 13:14:28.717	TK PERTIWI 33 PESANGGARAN	TK	SILIRAGUNG	SILIRAGUNG	SWASTA
5e616ce5fc8b4ccd82f8	2025-02-19 13:14:28.717	2025-02-19 13:14:28.717	SMP AL FALAH	SMP	SILIRAGUNG	BULUAGUNG	SWASTA
5c3423d42d854853a73f	2025-02-19 13:14:28.717	2025-02-19 13:14:28.717	SMP DARUSSALAM PUNCAK	SMP	SILIRAGUNG	BULUREJO	SWASTA
5e8a9a5cf35a4591b86a	2025-02-19 13:14:28.717	2025-02-19 13:14:28.717	SMP KARTIKA IV-7 SILIRAGUNG	SMP	SILIRAGUNG	SILIRAGUNG	SWASTA
d2c306c9a5424f9287c3	2025-02-19 13:14:28.717	2025-02-19 13:14:28.717	SMP KATOLIK YOS SUDARSO	SMP	SILIRAGUNG	SILIRAGUNG	SWASTA
d55c6183c9a74e1c8e99	2025-02-19 13:14:28.717	2025-02-19 13:14:28.717	SMP MUHAMMADIYAH 5	SMP	SILIRAGUNG	SILIRAGUNG	SWASTA
503d0080521443f78a85	2025-02-19 13:14:28.717	2025-02-19 13:14:28.717	SMP NEGERI 1 SILIRAGUNG	SMP	SILIRAGUNG	SILIRAGUNG	NEGERI
3ed75240573a494ebe91	2025-02-19 13:14:28.717	2025-02-19 13:14:28.717	SMP NEGERI 2 SILIRAGUNG	SMP	SILIRAGUNG	SILIRAGUNG	NEGERI
7fdf3fcd4e524d3297f6	2025-02-19 13:14:28.717	2025-02-19 13:14:28.717	SMP NEGERI 3 SILIRAGUNG SATU ATAP	SMP	SILIRAGUNG	BARUREJO	NEGERI
05219a18268b412a97cb	2025-02-19 13:14:28.717	2025-02-19 13:14:28.717	SMP NEGERI 4 SILIRAGUNG	SMP	SILIRAGUNG	SENEPOREJO	NEGERI
30f9a85af2614123b3ed	2025-02-19 13:14:28.717	2025-02-19 13:14:28.717	MTs AL FURQON	SMP	SILIRAGUNG	KESILIR	NEGERI
dd1e8a74b32c409f9170	2025-02-19 13:14:28.717	2025-02-19 13:14:28.717	MTs NABATUSSALAM	SMP	SILIRAGUNG	BARUREJO	SWASTA
79e94080bb6046c0ba2b	2025-02-19 13:14:28.717	2025-02-19 13:14:28.717	MTSN 9 BANYUWANGI	SMP	SILIRAGUNG	BULUAGUNG	NEGERI
cd40b8cb7e37484d8cd7	2025-02-19 13:14:28.717	2025-02-19 13:14:28.717	MTSS KING ABDUL AZIZ	SMP	SILIRAGUNG	KESILIR	SWASTA
0a9fefd4d3524d2dbe1e	2025-02-19 13:14:28.717	2025-02-19 13:14:28.717	MTSS MAMBA`UL HUDA	SMP	SILIRAGUNG	BARUREJO	SWASTA
aac1cf09b28b498a8f44	2025-02-19 13:14:28.717	2025-02-19 13:14:28.717	MTSS TAHFIDZ DARUL MUKHTAR	SMP	SILIRAGUNG	KESILIR	SWASTA
f6a4ac46dc594dabb379	2025-02-19 13:14:28.717	2025-02-19 13:14:28.717	PUSPA BANGSA 2	SMP	SILIRAGUNG	KESILIR	SWASTA
1373a9cfd2df413ab403	2025-02-24 11:36:50.324	2025-02-24 11:36:50.324	MIS MIFTAHUL QULUB	SD	PESANGGARAN	PESANGGARAN	SWASTA
84b7633d26bb438d9c04	2025-02-24 11:52:52.937	2025-02-24 11:52:52.937	RA PERWANIDA 1 PESANGGARAN	TK	PESANGGARAN	PESANGGARAN	SWASTA
b87aa766fca240039d2c	2025-02-24 11:59:57.38	2025-02-24 11:59:57.38	SD NEGERI 4 SILIRAGUNG	SD	PESANGGARAN	PESANGGARAN	NEGERI
9ce0334c6b7d4aebaefe	2025-02-25 00:23:10.61	2025-02-25 00:23:10.61	SMP NEGERI 1 BANGOREJO	SMP	PESANGGARAN	PESANGGARAN	NEGERI
c5243b3225c64d3e8cfa	2025-02-25 00:32:32.548	2025-02-25 00:32:32.548	TK KHADIJAH 80 KESILIR	TK	PESANGGARAN	PESANGGARAN	SWASTA
c5a2b1843e7d40ccb8ff	2025-02-25 00:37:51.617	2025-02-25 00:37:51.617	MIS ROUDLOTUL HUDA	SD	PESANGGARAN	PESANGGARAN	SWASTA
d239872bc9f441998254	2025-02-25 00:42:15.586	2025-02-25 00:42:15.586	SMP AMANATULLOH	SMP	PESANGGARAN	PESANGGARAN	SWASTA
6ceb3933e7f642a6b58c	2025-02-26 14:33:14.448	2025-02-26 14:33:14.448	TK PERTIWI 40 SENEPOREJO	TK	PESANGGARAN	PESANGGARAN	SWASTA
44eaae0a7a4141f1b33d	2025-02-27 01:23:02.061	2025-02-27 01:23:02.061	LKP SEIZA	SD	PESANGGARAN	PESANGGARAN	SWASTA
\.


--
-- Data for Name: Student; Type: TABLE DATA; Schema: public; Owner: postgres
--

COPY public."Student" ("Id", "DateCreate", "DateUpdate", "IdMember", "Address", "Stage", "Class", "SchoolId", "NIK", "FatherName", "MotherName", "IdUser", "PhotoPath", "Poin") FROM stdin;
efe2e715f5ff4179b97c	2025-02-25 00:39:44.264	2025-02-25 00:39:44.264	40	Pesanggaran	SD	2	04d74f658ea94e68aed6	3510220612160001	\N	\N	e37dd01dac384944aa85	\N	0
e831401dfdd143e2bbb2	2025-02-24 09:15:15.29	2025-02-24 09:15:15.29	2	Pesanggaran	SD	1	a2f3cd91e43f4363b97c	3510012707170003	\N	\N	473f3786bf6f4d9cb804	\N	0
3dc0e633e65a402d8d7e	2025-02-24 09:39:52.956	2025-02-24 09:39:52.956	3	Pesanggaran	SD	2	a2f3cd91e43f4363b97c	3510016908160002	\N	\N	031ea0e17a7f430984fe	\N	0
49223c9b6b4341928cb0	2025-02-24 09:48:02.645	2025-02-24 09:48:02.645	4	Pesanggaran	SD	2	6c583aad8577417aa0f5	3510012909160003	\N	\N	ad4cf27522764875a2c1	\N	0
cd7e006f96f64945bdc8	2025-02-24 09:50:52.521	2025-02-24 09:50:52.521	5	Pesanggaran	SD	1	f15bbf9da9bf4e1db119	3510010104170001	\N	\N	b8818eb128124651901c	\N	0
2996c27fdae24c27ad52	2025-02-24 11:39:18.374	2025-02-24 11:39:18.374	6	Pesanggaran	SD	2	1373a9cfd2df413ab403	3516135601170001	\N	\N	59d6a6cbf41e46779d18	\N	0
00908410940b41d8ba10	2025-02-24 11:46:41.351	2025-02-24 11:46:41.351	7	Pesanggaran	SD	1	a2f3cd91e43f4363b97c	3510014101180001	\N	\N	3d264d9696a9453fac99	\N	0
366548ff04104ef592c3	2025-02-24 11:49:46.949	2025-02-24 11:49:46.949	8	Pesanggaran	SD	3	a2f3cd91e43f4363b97c	3510016702160004	\N	\N	c7554b7bd8024e4f98e4	\N	0
c63ed993873242b7bd67	2025-02-24 11:53:29.881	2025-02-24 11:53:29.881	9	Pesanggaran	TK	1	84b7633d26bb438d9c04	3510014304180001	\N	\N	f6be53c33aee4caea06d	\N	0
d5d9ef2961fd4b5293f7	2025-02-24 12:00:39.778	2025-02-24 12:00:39.778	10	Pesanggaran	SD	2	b87aa766fca240039d2c	3507182011160001	\N	\N	4a2decd8035549d4bfd7	\N	0
cad60bdceb6a483d8c65	2025-02-24 12:05:50.365	2025-02-24 12:05:50.365	11	Pesanggaran	SD	3	a2f3cd91e43f4363b97c	3510014104160001	\N	\N	1740398658QJBXVZISUW	\N	0
8f5802fae60849bb857c	2025-02-24 12:08:13.631	2025-02-24 12:08:13.631	12	Pesanggaran	SD	3	a2f3cd91e43f4363b97c	3510015003150001	\N	\N	c180bc8b25fd424683a5	\N	0
a5990b955f0447eb9e2d	2025-02-24 12:09:26.125	2025-02-24 12:09:26.125	13	Pesanggaran	SD	1	a2f3cd91e43f4363b97c	3510015506170002	\N	\N	a3b9c1a949b542c9b84e	\N	0
c42be8802f1d47808d69	2025-02-24 12:11:50.008	2025-02-24 12:11:50.008	14	Pesanggaran	SMP	1	503d0080521443f78a85	3510015312110002	\N	\N	e34d2b5e84b940aa865c	\N	0
f94e70a27dce4d1f84f5	2025-02-24 12:13:50.198	2025-02-24 12:13:50.198	15	Pesanggaran	SD	3	05aaa947372e419b902c	3510016812150001	\N	\N	31a5de65be9a4df2913b	\N	0
d950d0227ea54cad89ba	2025-02-24 12:17:10.838	2025-02-24 12:17:10.838	16	Pesanggaran	SMP	1	503d0080521443f78a85	3506094902110002	\N	\N	ede698ff4d3746dcbe58	\N	0
3bc5a5ea17f04121a4cd	2025-02-24 12:20:11.304	2025-02-24 12:20:11.304	17	Pesanggaran	SD	3	05aaa947372e419b902c	3510014603150001	\N	\N	598fc689d1a041cc979e	\N	0
8a9c7ca5ffc2401aaed8	2025-02-24 12:22:23.626	2025-02-24 12:22:23.626	18	Pesanggaran	SD	6	fe80e6319b9e48adb7c2	3510221210120001	\N	\N	326a7ab7d6934bf581a1	\N	0
118cbc86160241caa303	2025-02-24 12:26:23.54	2025-02-24 12:26:23.54	19	Pesanggaran	SD	3	9e1b36b77d0b4c9ca3b9	3510234605150001	\N	\N	d8e515b8771e49e39034	\N	0
0ac4cb242b7e4e418e1b	2025-02-24 12:28:33.651	2025-02-24 12:28:33.651	20	Pesanggaran	SD	1	1373a9cfd2df413ab403	3510017105180002	\N	\N	f0c7dbb1f68144409073	\N	0
8b8fb8d749594da1b79f	2025-02-24 12:34:23.245	2025-02-24 12:34:23.245	21	Pesanggaran	SD	2	a2f3cd91e43f4363b97c	3509124209160001	\N	\N	d9d160c93d4b46e4850a	\N	0
e8e9d2dc9a1147d19444	2025-02-24 22:20:39.068	2025-02-24 22:20:39.068	22	Pesanggaran	SMP	2	503d0080521443f78a85	3510226602110004	\N	\N	364c66a0c9bb4def973b	\N	0
ca323ded2d414d71b3e0	2025-02-24 22:23:24.449	2025-02-24 22:23:24.449	23	Pesanggaran	SMP	1	503d0080521443f78a85	3510014805110003	\N	\N	59cf21fd944d4de6afff	\N	0
050da28974964a2b8fb0	2025-02-24 22:25:10.405	2025-02-24 22:25:10.405	24	Pesanggaran	SMP	2	503d0080521443f78a85	3510014303110001	\N	\N	e220c566864e42f2a985	\N	0
2688b537279d4397acbc	2025-02-24 22:26:51.017	2025-02-24 22:26:51.017	25	Pesanggaran	SMP	2	503d0080521443f78a85	3510010307100002	\N	\N	432a2a9690784e9abf2f	\N	0
20a96ffc15164e339885	2025-02-24 22:28:49.242	2025-02-24 22:28:49.242	26	Pesanggaran	SD	2	b87aa766fca240039d2c	3510224209160001	\N	\N	18f755e329c94d39a312	\N	0
e5ca27730f8b433e9ec4	2025-02-24 22:31:25.6	2025-02-24 22:31:25.6	27	Pesanggaran	TK	1	a04e8221de054189b8d1	3510016804190002	\N	\N	69fc143606e941248f5b	\N	0
470f2c6b219549c982af	2025-02-24 22:34:21.006	2025-02-24 22:34:21.006	28	Pesanggaran	SD	6	9f804eaa4ca948c6ac58	3509054406130001	\N	\N	e04f18fcc92948948f4b	\N	0
16b5d197485341ec8c29	2025-02-24 22:37:24.777	2025-02-24 22:37:24.777	29	Pesanggaran	SD	2	140ca259a08b4c658a9c	3510014301160001	\N	\N	7ac35cc542124256aa1f	\N	0
1081bd23bcbf49ea83dd	2025-02-24 22:39:19.69	2025-02-24 22:39:19.69	30	Pesanggaran	SD	2	140ca259a08b4c658a9c	3510016801170001	\N	\N	79f91d3d13ef437d85bb	\N	0
ae3f4b56ee5743f5ad72	2025-02-24 22:41:08.378	2025-02-24 22:41:08.378	31	Pesanggaran	SD	2	140ca259a08b4c658a9c	3510017112160001	\N	\N	58f68edb8fc14ddbaf28	\N	0
37341371b38e4fb586f4	2025-02-25 00:15:59.266	2025-02-25 00:15:59.266	32	Pesanggaran	SMP	2	503d0080521443f78a85	3510011105110002	\N	\N	6ecdeed17a3641c3ae59	\N	0
1d265a903c9640d9a561	2025-02-25 00:18:32.474	2025-02-25 00:18:32.474	33	Pesanggaran	SD	2	140ca259a08b4c658a9c	3510016309160001	\N	\N	97599d171c8446649002	\N	0
27f82a1f92df4b9288de	2025-02-25 00:20:32.319	2025-02-25 00:20:32.319	34	Pesanggaran	TK	1	0fad38d35aac49678a69	3510011706190002	\N	\N	9b9180bf61c84df4a690	\N	0
e130d16f474b49e78fd7	2025-02-25 00:23:41.332	2025-02-25 00:23:41.332	35	Pesanggaran	SMP	1	9ce0334c6b7d4aebaefe	3578292206100001	\N	\N	902bedee05f0464a9142	\N	0
9b5f18e450b64b7696e7	2025-02-25 00:29:53.382	2025-02-25 00:29:53.382	36	Pesanggaran	SMP	2	503d0080521443f78a85	3510010305100002	\N	\N	e37f73db6d5644349b7d	\N	0
e976b5fc341745f79870	2025-02-25 00:33:04.243	2025-02-25 00:33:04.243	37	Pesanggaran	TK	1	c5243b3225c64d3e8cfa	3514204710180001	\N	\N	ceed21a0b16145d89111	\N	0
443d5f3500454ba79ef8	2025-02-25 00:35:33.753	2025-02-25 00:35:33.753	38	Pesanggaran	SD	4	be5a454fb25e48a396ac	3510024109140001	\N	\N	0547d923626540e89b8c	\N	0
f1d255aad3394aafbbe7	2025-02-25 00:38:02.933	2025-02-25 00:38:02.933	39	Pesanggaran	SD	6	c5a2b1843e7d40ccb8ff	3510014101130001	\N	\N	9da3cee99b72419e95a2	\N	0
eb9374ecb5a54e57a62d	2025-02-25 00:42:24.102	2025-02-25 00:42:24.102	41	Pesanggaran	SMP	3	d239872bc9f441998254	7203042306100001	\N	\N	b362df8b968140b792f4	\N	0
5214d45867744a57aa07	2025-02-25 00:44:16.804	2025-02-25 00:44:16.804	42	Pesanggaran	SD	4	b87aa766fca240039d2c	3507185503150001	\N	\N	c4a8f7aa844d4b8cb7f2	\N	0
fe9e53d41aba47099cae	2025-02-25 00:45:48.507	2025-02-25 00:45:48.507	43	Pesanggaran	TK	1	49c41c347a654a529228	3510016306180001	\N	\N	f72f9b40fc3d4bab8232	\N	0
7891f42593cb4ec6b85e	2025-02-25 00:47:31.558	2025-02-25 00:47:31.558	44	Pesanggaran	SD	1	05aaa947372e419b902c	3510014104170003	\N	\N	a6c94b5e4fd2471880b0	\N	0
262295a4f73a4a2c981e	2025-02-25 00:51:40.643	2025-02-25 00:51:40.643	45	Pesanggaran	SMP	1	503d0080521443f78a85	3510220807110001	\N	\N	f8b79dc27e86406aa96b	\N	0
2d26f3a7d15941e39f6c	2025-02-25 00:53:00.518	2025-02-25 00:53:00.518	46	Pesanggaran	SMP	2	503d0080521443f78a85	3510225208110001	\N	\N	729d0751cc06468598f9	\N	0
2b227a50f55f444bbe86	2025-02-25 00:54:59.173	2025-02-25 00:54:59.173	47	Pesanggaran	TK	1	0207eb5229e3496984c3	3510225010180001	\N	\N	58a9440f6f054615862b	\N	0
444109499978487dacc8	2025-02-25 00:56:42.383	2025-02-25 00:56:42.383	48	Pesanggaran	SD	3	a44dc8990de04c9aa6eb	3510225308150001	\N	\N	4858d9b4ca43454cbfb3	\N	0
60392828ede74f3db555	2025-02-25 00:58:21.043	2025-02-25 00:58:21.043	49	Pesanggaran	SD	2	1373a9cfd2df413ab403	3510221809160002	\N	\N	ed26b22e725c453ea7d4	\N	0
66caec45ed3c4b618b57	2025-02-25 01:31:24.26	2025-02-25 01:31:24.26	50	Pesanggaran	SD	1	1373a9cfd2df413ab403	3510015104170001	\N	\N	c42a6cc82bfe49a1a1a1	\N	0
8ba8ad881e1b477fbe8f	2025-02-25 12:33:52.848	2025-02-25 12:33:52.848	51	Pesanggaran	SD	5	1373a9cfd2df413ab403	3510011206130002	\N	\N	a79a49fbba5e4efc8cd6	\N	0
0a93a6e2f9c44ef19ee5	2025-02-25 12:49:54.986	2025-02-25 12:49:54.986	52	Pesanggaran	SD	3	1373a9cfd2df413ab403	3510221604160002	\N	\N	a54b78264eb74f249d5f	\N	0
fb2fe83a77a9487590a0	2025-02-25 12:51:26.31	2025-02-25 12:51:26.31	53	Pesanggaran	SD	2	1373a9cfd2df413ab403	3510011201810004	\N	\N	bddfc489beef453188f7	\N	0
712b386da61543e19bf7	2025-02-25 12:53:23.768	2025-02-25 12:53:23.768	54	Pesanggaran	SD	2	1373a9cfd2df413ab403	3510017009760003	\N	\N	ee54340f0e1f41bdb0f8	\N	0
a4f5b842f254424ebb27	2025-02-25 12:54:39.77	2025-02-25 12:54:39.77	55	Pesanggaran	SD	2	a2f3cd91e43f4363b97c	3510010310160001	\N	\N	1a3b29e5cd7c4f56a0b1	\N	0
c18b05c173ac4f7d8161	2025-02-25 13:14:49.161	2025-02-25 13:14:49.161	56	Pesanggaran	SD	2	a2f3cd91e43f4363b97c	3510017010160001	\N	\N	b78424b8ae63400cad73	\N	0
121598b3440d43dda1f7	2025-02-25 13:27:43.646	2025-02-25 13:27:43.646	57	Pesanggaran	SD	2	a2f3cd91e43f4363b97c	3510010610160002	\N	\N	4308c7b3271d4dfb89d0	\N	0
3019dbf76afe487ab14f	2025-02-25 13:44:19.423	2025-02-25 13:44:19.423	58	Pesanggaran	SD	2	a2f3cd91e43f4363b97c	3510022111160001	\N	\N	3848f640c52d424dbf09	\N	0
6ceb6f5aca9d4b23aa30	2025-02-25 13:49:12.011	2025-02-25 13:49:12.011	59	Pesanggaran	SD	3	1373a9cfd2df413ab403	3510015405160001	\N	\N	9f8fe9e2efaa4bc09af1	\N	0
963df61878b44a2cb37a	2025-02-26 14:25:35.869	2025-02-26 14:25:35.869	60	Pesanggaran	SD	1	5d81e61835914688add7	3510226412170001	\N	\N	8435fecd87e04a51934b	\N	0
74e79148fa4e41eaa654	2025-02-26 14:28:37.47	2025-02-26 14:28:37.47	61	Pesanggaran	TK	1	e3bcfe41ac9e4dabbf34	3510225703190001	\N	\N	77e07d3da7744969a8d6	\N	0
92ac789c35d74dd5bf23	2025-02-26 14:33:25.164	2025-02-26 14:33:25.164	62	Pesanggaran	TK	1	6ceb3933e7f642a6b58c	3510012001190001	\N	\N	60a3174910d14109a83a	\N	0
4a1ffc86960f4ada80e8	2025-02-24 08:01:08.683	2025-02-24 08:01:08.683	1	Pesanggaran	SD	1	a2f3cd91e43f4363b97c	3510011907170001	\N	\N	f5cac6a414e44f30a289	\N	0
0134bf326c15419c9b08	2025-02-26 14:42:34.563	2025-02-26 14:42:34.563	63	Pesanggaran	SD	2	1373a9cfd2df413ab403	3510011804170001	\N	\N	420ddd41a3684582a7d9	\N	0
351b8c99aa624bfba5c7	2025-02-26 14:44:31.677	2025-02-26 14:44:31.677	64	Pesanggaran	SD	4	1373a9cfd2df413ab403	3510140305140002	\N	\N	5affb572a32d4c619c3c	\N	0
5d364fdf146045a8a134	2025-02-26 14:46:39.998	2025-02-26 14:46:39.998	65	Pesanggaran	SD	3	1373a9cfd2df413ab403	7602142608150002	\N	\N	9ef606f43ec84fbcae77	\N	0
8ff74de99b4f4c208cdf	2025-02-26 14:50:22.309	2025-02-26 14:50:22.309	66	Pesanggaran	SD	6	a2f3cd91e43f4363b97c	3510014610120001	\N	\N	f5edabc3bf06428da66e	\N	0
960b496123c24038b85b	2025-02-26 14:56:30.794	2025-02-26 14:56:30.794	67	Pesanggaran	SD	6	0f40e117a3ef493ba04d	3510224410120001	\N	\N	8fd64c865ad44fa380d1	\N	0
b762bc5db7ee4380abac	2025-02-26 14:59:30.967	2025-02-26 14:59:30.967	68	Pesanggaran	SD	6	0f40e117a3ef493ba04d	3510220208130003	\N	\N	a200320dd88143d6b001	\N	0
a152bccf25ce4df792ac	2025-02-26 15:01:03.102	2025-02-26 15:01:03.102	69	Pesanggaran	SD	6	0f40e117a3ef493ba04d	3510225205130001	\N	\N	9db290c54fcd4ca8b5bd	\N	0
6a73e382bfc140eb92bb	2025-02-26 15:03:58.773	2025-02-26 15:03:58.773	70	Pesanggaran	TK	1	a04e8221de054189b8d1	3507241208180003	\N	\N	dee680b71a48428f8177	\N	0
403648f9262849b9a42e	2025-02-26 15:12:09.922	2025-02-26 15:12:09.922	71	Pesanggaran	SD	2	b87aa766fca240039d2c	3510226308160001	\N	\N	cb05455c1ddb4b60ac8e	\N	0
ed16fbae36144f989583	2025-02-27 01:23:30.672	2025-02-27 01:23:30.672	72	Pesanggaran	SD	4	44eaae0a7a4141f1b33d	3510016209140001	\N	\N	75e639c9f388496f89d8	\N	0
94a06ea6bafc40ad9ab0	2025-02-27 01:27:47.899	2025-02-27 01:27:47.899	73	Pesanggaran	SD	4	44eaae0a7a4141f1b33d	3510012205140001	\N	\N	1740619623PVXUZIRZLO	\N	0
d21a94218e104c7a8373	2025-02-27 01:28:56.076	2025-02-27 01:28:56.076	74	Pesanggaran	SD	4	44eaae0a7a4141f1b33d	3510015211140001	\N	\N	2daa3c2a8a7b47209b6f	\N	0
7381af673ed841bc95c6	2025-02-27 01:29:48.56	2025-02-27 01:29:48.56	75	Pesanggaran	SD	4	44eaae0a7a4141f1b33d	3510010507140002	\N	\N	de06e06cf6024d0bbb2e	\N	0
c95586e44d1c42b6aea2	2025-02-27 01:30:40.141	2025-02-27 01:30:40.141	76	Pesanggaran	SD	4	44eaae0a7a4141f1b33d	351002208140001	\N	\N	1cdba3b009aa4d188a62	\N	0
a7da34ab47a94a3f9e80	2025-02-27 01:31:43.325	2025-02-27 01:31:43.325	77	Pesanggaran	SD	4	44eaae0a7a4141f1b33d	3510011107140001	\N	\N	2951316dba594e829a40	\N	0
db69a4dd315a4900b734	2025-02-27 01:33:11.761	2025-02-27 01:33:11.761	78	Pesanggaran	SD	4	44eaae0a7a4141f1b33d	3510014602150002	\N	\N	4fa4f209160d4577bd33	\N	0
a34f100cda5641d8a6b4	2025-02-27 01:34:20.764	2025-02-27 01:34:20.764	79	Pesanggaran	SD	6	44eaae0a7a4141f1b33d	3510024407120001	\N	\N	25ad389893de4f8690f6	\N	0
1a85b95b10444adb9824	2025-02-27 02:56:03.832	2025-02-27 02:56:03.832	85	Pesanggaran	SD	4	44eaae0a7a4141f1b33d	3510016106150002	\N	\N	786cd322512f43e38fb9	\N	0
f55695c86ddd4c22bc00	2025-02-27 01:35:50.623	2025-02-27 01:35:50.623	80	Pesanggaran	SD	3	44eaae0a7a4141f1b33d	3510221002160001	\N	\N	795549b05366453b856f	\N	0
0e6215258fab4428aaff	2025-02-27 02:50:17.857	2025-02-27 02:50:17.857	81	Pesanggaran	SD	5	44eaae0a7a4141f1b33d	3510226803130001	\N	\N	bd7a8e99257a43a7806e	\N	0
ad1ff1ffe3ac45b88e2d	2025-02-27 02:51:42.102	2025-02-27 02:51:42.102	82	Pesanggaran	SD	6	44eaae0a7a4141f1b33d	3510026504130001	\N	\N	4bd0c9df0da9465598cc	\N	0
f7f18db3dbbb415b91e9	2025-02-27 02:53:10.275	2025-02-27 02:53:10.275	83	Pesanggaran	SD	2	9e1b36b77d0b4c9ca3b9	3510226008170001	\N	\N	2993a3bdda5a4d699511	\N	0
9182387b68404b6e8c5d	2025-02-27 02:54:52.962	2025-02-27 02:54:52.962	84	Pesanggaran	SD	3	77ab61e031744bb5b743	3510014708150001	\N	\N	b93c33324dc3459b8f88	\N	0
bac443466e004db78551	2025-02-27 03:00:13.545	2025-02-27 03:00:13.545	86	Pesanggaran	SD	3	77ab61e031744bb5b743	3510015905150001	\N	\N	03fd132625294873adab	\N	0
1f5b4fe45dab4487b6f9	2025-02-27 03:01:33.702	2025-02-27 03:01:33.702	87	Pesanggaran	SD	3	1373a9cfd2df413ab403	3510011103150001	\N	\N	6d2c267e72d04d1f9730	\N	0
3c780c17084443e0be87	2025-02-27 03:03:22.416	2025-02-27 03:03:22.416	88	Pesanggaran	SD	4	1373a9cfd2df413ab403	3510225006150005	\N	\N	506cbab582c844bd8c48	\N	0
4e8a3acdb28f43859b67	2025-02-27 03:04:40.741	2025-02-27 03:04:40.741	89	Pesanggaran	SD	3	44eaae0a7a4141f1b33d	3510014111150001	\N	\N	55813dae8fab4bdaabea	\N	0
bcb2a7ac47264f338acf	2025-02-27 03:06:11.331	2025-02-27 03:06:11.331	90	Pesanggaran	SD	3	44eaae0a7a4141f1b33d	3510015209150001	\N	\N	c6d2514133d648faaae3	\N	0
fbb08c37256e49d98a1b	2025-02-27 03:07:45.951	2025-02-27 03:07:45.951	91	Pesanggaran	SD	4	c39e9580461d4a60a4df	3510012007140003	\N	\N	68d05b99883645be8abb	\N	0
cbe50237cf604e1fb141	2025-02-27 03:10:30.049	2025-02-27 03:10:30.049	92	Pesanggaran	TK	1	44eaae0a7a4141f1b33d	3510011401190001	\N	\N	e33ba96cb3b74b73a4cc	\N	0
1e18c004d2814b3e8c03	2025-02-27 03:12:23.875	2025-02-27 03:12:23.875	93	Pesanggaran	SD	4	c39e9580461d4a60a4df	3510076503140002	\N	\N	4d7bbf5a8ace4819abaa	\N	0
a8b285e60e164d69a700	2025-02-27 03:14:13.87	2025-02-27 03:14:13.87	94	Pesanggaran	SMP	3	503d0080521443f78a85	3510015704100001	\N	\N	d04681ebad274a0aa236	\N	0
412f75527f604e6caa64	2025-02-27 03:16:03.686	2025-02-27 03:16:03.686	95	Pesanggaran	SD	3	b87aa766fca240039d2c	3510224506150002	\N	\N	ac7173b95ddb45fa8309	\N	0
de8855d2544e4cad9803	2025-02-27 03:18:21.564	2025-02-27 03:18:21.564	96	Pesanggaran	SMP	1	503d0080521443f78a85	3510012804120001	\N	\N	56f3e0be2623479cbf08	\N	0
9917280fab5a46399b5d	2025-02-27 03:24:00.1	2025-02-27 03:24:00.1	97	Pesanggaran	SD	6	9c4a93497d9c465480f6	3510222312120001	\N	\N	72d7a98f66294be0af53	\N	0
32cead78e2cd4ded874f	2025-02-27 03:26:19.297	2025-02-27 03:26:19.297	98	Pesanggaran	SD	5	a2f3cd91e43f4363b97c	3510222910130001	\N	\N	3b55530f0c0c4537a996	\N	0
4baf0f70c6ba4a42aef2	2025-02-27 03:29:19.895	2025-02-27 03:29:19.895	99	Pesanggaran	SD	3	140ca259a08b4c658a9c	3510015105150002	\N	\N	e7c2f18e2f9b4620a7c3	\N	0
9b439ff7bca24011b5d8	2025-02-27 03:31:36.183	2025-02-27 03:31:36.183	100	Pesanggaran	SD	1	b87aa766fca240039d2c	3510222503180001	\N	\N	313788a06817491ba49a	\N	0
f1064cd5e53d45fcb7d6	2025-02-27 03:32:59.655	2025-02-27 03:32:59.655	101	Pesanggaran	SD	5	f15bbf9da9bf4e1db119	3510220207130001	\N	\N	9d54de00cadb4c379b2d	\N	0
f0acb73e943243e484d0	2025-02-27 03:34:13.791	2025-02-27 03:34:13.791	102	Pesanggaran	SD	6	f15bbf9da9bf4e1db119	3510224911120001	\N	\N	ad2867ad47e34893befd	\N	0
5176638f58a24bac8207	2025-02-27 03:35:24.097	2025-02-27 03:35:24.097	103	Pesanggaran	SD	6	f15bbf9da9bf4e1db119	3510015505120001	\N	\N	d630fb12cffa4af3a8ed	\N	0
ffa392bfbcd1403fb1c9	2025-02-27 03:37:05.997	2025-02-27 03:37:05.997	104	Pesanggaran	SD	5	f15bbf9da9bf4e1db119	3510221006130001	\N	\N	35e53f67bb194dc78897	\N	0
e4e11b51153547d88a47	2025-02-27 03:38:18.36	2025-02-27 03:38:18.36	105	Pesanggaran	SD	6	f15bbf9da9bf4e1db119	3510226202130001	\N	\N	6550fb73919d4412a226	\N	0
0823150867484c9ebf10	2025-03-11 07:44:35.359	2025-03-11 07:44:35.359	106	Pesanggaran	SD	1	1373a9cfd2df413ab403	3510012101180001	\N	\N	337cca4f804a4f678a75	\N	0
9018d1b6753d4062b494	2025-03-11 07:48:28.013	2025-03-11 07:48:28.013	107	Pesanggaran	SD	1	a2f3cd91e43f4363b97c	3510015504180001	\N	\N	57cd620b8a2649139017	\N	0
e532e81e4a3b437c92af	2025-03-11 07:53:16.396	2025-03-11 07:53:16.396	108	Pesanggaran	TK	1	e3bcfe41ac9e4dabbf34	3510037107180002	\N	\N	04d21113c7bc481db5bb	\N	0
09a574c80ee64a2988a2	2025-03-11 07:55:01.695	2025-03-11 07:55:01.695	109	Pesanggaran	SD	3	77ab61e031744bb5b743	3510011607150002	\N	\N	cf988d75db7a404f92e9	\N	0
5d023373a00f4c20ba3d	2025-03-11 07:56:50.76	2025-03-11 07:56:50.76	110	Pesanggaran	SD	3	1373a9cfd2df413ab403	3510016511150002	\N	\N	a7678989bd7646c29b45	\N	0
6a33704c1c55410cad7f	2025-03-11 07:59:56.068	2025-03-11 07:59:56.068	111	Pesanggaran	SD	4	1373a9cfd2df413ab403	3510015402150002	\N	\N	ce299997b69340dc83c4	\N	0
\.


--
-- Data for Name: CompetitionParticipant; Type: TABLE DATA; Schema: public; Owner: postgres
--

COPY public."CompetitionParticipant" ("Id", "DateCreate", "DateUpdate", "ParticipantId", "StudentId", "CompetitionId", "CompetitionRoomId", "PaymentId", "Attedance", "Score", "Correct", "Incorrect", "PathAnswer") FROM stdin;
85f56b2ef5e2488a8557	2025-02-24 12:23:02.104	2025-02-24 12:23:02.104	M6-01-0001	8a9c7ca5ffc2401aaed8	5825a425129d4261ae58	\N	94f4be2320c242349283	f	0	0	0	
1435e3400a9b44e4958a	2025-02-24 12:23:12.664	2025-02-24 12:23:12.664	B6-01-0001	8a9c7ca5ffc2401aaed8	470059c8221b46d7bf28	\N	eac54e9563e74ca6928e	f	0	0	0	
aab1c8c2f075473dbce1	2025-02-24 12:23:19.341	2025-02-24 12:23:19.341	S6-01-0001	8a9c7ca5ffc2401aaed8	1607a278c49540b8823c	\N	17cf79bc7c11479689a8	f	0	0	0	
de691fc21c9b40e9bb8f	2025-02-24 12:23:28.751	2025-02-24 12:23:28.751	I6-01-0001	8a9c7ca5ffc2401aaed8	4623c943020341dd8faf	\N	efe143132bde4003ac6d	f	0	0	0	
f1ad38c459ad490fac6b	2025-02-24 12:26:53.336	2025-02-24 12:26:53.336	B3-01-0003	118cbc86160241caa303	0237963a6d68490a819d	\N	d17dddd98f59485ba99c	f	0	0	0	
3a0d99883be644e79e42	2025-02-24 12:29:22.714	2025-02-24 12:29:22.714	S1-01-0002	0ac4cb242b7e4e418e1b	20a9bf2737c74241b47b	\N	f6e60c2b97954301a5dc	f	0	0	0	
12b54acd55d24fd5a9e9	2025-02-24 12:29:34.134	2025-02-24 12:29:34.134	B1-01-0002	0ac4cb242b7e4e418e1b	ff8f76a885eb41d9a7a0	\N	4410b469b8444bd18649	f	0	0	0	
1598f7d041454782ac58	2025-02-24 22:38:04.722	2025-02-24 22:38:04.722	M2-01-0006	16b5d197485341ec8c29	040055f2a92745a39508	\N	77188c619baa41948559	f	0	0	0	
f87a0b8c92da4ae4839c	2025-02-24 09:05:03.047	2025-02-24 09:05:03.047	M1-01-0001	4a1ffc86960f4ada80e8	d83d9e8ba71f40d49b3f	\N	69d1a74722ca43c58aa0	f	0	0	0	
02d424a6fcee4bee92f1	2025-02-24 09:05:35.108	2025-02-24 09:05:35.108	B1-01-0001	4a1ffc86960f4ada80e8	ff8f76a885eb41d9a7a0	\N	f80912e42c744c39951e	f	0	0	0	
bd5b8bc14ddc4b74b94f	2025-02-24 09:24:18.079	2025-02-24 09:24:18.079	M1-01-0002	e831401dfdd143e2bbb2	d83d9e8ba71f40d49b3f	\N	24506f81a0254313a311	f	0	0	0	
7a6a69d90251405dac5a	2025-02-24 09:44:21.558	2025-02-24 09:44:21.558	B2-01-0001	3dc0e633e65a402d8d7e	7662de691c1c44ad96f1	\N	9ae8b10122b04457a8e8	f	0	0	0	
60cb1c47d62844fa89b4	2025-02-24 09:48:53.706	2025-02-24 09:48:53.706	M2-01-0001	49223c9b6b4341928cb0	040055f2a92745a39508	\N	da6104b6635c48b0ad94	f	0	0	0	
d985d2714be6444daf55	2025-02-24 09:52:19.728	2025-02-24 09:52:19.728	M1-01-0003	cd7e006f96f64945bdc8	d83d9e8ba71f40d49b3f	\N	3940649709574a63a2af	f	0	0	0	
11636071fa3f46c99556	2025-02-24 09:53:47.218	2025-02-24 09:53:47.218	S1-01-0001	cd7e006f96f64945bdc8	20a9bf2737c74241b47b	\N	36e96eddf9b549e4b840	f	0	0	0	
782d88bec5b449a1b0df	2025-02-24 09:53:58.609	2025-02-24 09:53:58.609	I1-01-0002	cd7e006f96f64945bdc8	b68f74bce8c44b07b8f9	\N	d9fad080360740b4aaaa	f	0	0	0	
5428e28e92784642acf9	2025-02-24 11:40:23.964	2025-02-24 11:40:23.964	M2-01-0002	2996c27fdae24c27ad52	040055f2a92745a39508	\N	1c66a03eec41471dbc81	f	0	0	0	
7da2d9f50948496bae45	2025-02-24 11:40:39.475	2025-02-24 11:40:39.475	B2-01-0002	2996c27fdae24c27ad52	7662de691c1c44ad96f1	\N	210d228e6d49427ba15c	f	0	0	0	
856a681019af414181b4	2025-02-24 11:47:45.125	2025-02-24 11:47:45.125	M1-01-0004	00908410940b41d8ba10	d83d9e8ba71f40d49b3f	\N	21e7d52235154e34af85	f	0	0	0	
c9c430093c59473b882f	2025-02-24 11:50:28.195	2025-02-24 11:50:28.195	M3-01-0001	366548ff04104ef592c3	df3f5bb56ad445179bd7	\N	6d2f8b0d23f2462fa4e3	f	0	0	0	
37c63eb259614e16a965	2025-02-24 11:54:16.976	2025-02-24 11:54:16.976	M0-01-0001	c63ed993873242b7bd67	347889e707954ba79692	\N	aaa47724a550465b861a	f	0	0	0	
301167ce5809466eb960	2025-02-24 12:01:23.96	2025-02-24 12:01:23.96	M2-01-0003	d5d9ef2961fd4b5293f7	040055f2a92745a39508	\N	95477cda29a64af3a3f1	f	0	0	0	
3cf683efcfc744b789bc	2025-02-24 12:06:48.434	2025-02-24 12:06:48.434	M3-01-0002	cad60bdceb6a483d8c65	df3f5bb56ad445179bd7	\N	30914c4017fb445c9819	f	0	0	0	
36a640f9d17840b6abfe	2025-02-24 12:08:25.364	2025-02-24 12:08:25.364	M3-01-0003	8f5802fae60849bb857c	df3f5bb56ad445179bd7	\N	4ea015e4d48f47e8a757	f	0	0	0	
d6a72b541d634083b873	2025-02-24 12:10:10.78	2025-02-24 12:10:10.78	M1-01-0005	a5990b955f0447eb9e2d	d83d9e8ba71f40d49b3f	\N	303c151a8620462c82a7	f	0	0	0	
a6e7c85ea18d411d9c30	2025-02-24 12:12:30.179	2025-02-24 12:12:30.179	M7-01-0001	c42be8802f1d47808d69	422af22b13ad42ac928b	\N	876995c3ea554f64a5be	f	0	0	0	
f28481455a194747b062	2025-02-24 12:15:00.771	2025-02-24 12:15:00.771	M3-01-0004	f94e70a27dce4d1f84f5	df3f5bb56ad445179bd7	\N	90d914b958f34285a24d	f	0	0	0	
ef867d78c6854dd5803d	2025-02-24 12:15:18.735	2025-02-24 12:15:18.735	B3-01-0001	f94e70a27dce4d1f84f5	0237963a6d68490a819d	\N	386b96cb769e4788bfe3	f	0	0	0	
d2b930540e724a9688f6	2025-02-24 12:17:56.566	2025-02-24 12:17:56.566	M7-01-0002	d950d0227ea54cad89ba	422af22b13ad42ac928b	\N	abbcb61db3e240a7adbf	f	0	0	0	
ac31832ccd254bba8037	2025-02-24 12:18:23.833	2025-02-24 12:18:23.833	B7-01-0001	d950d0227ea54cad89ba	907131fac9b7413289b7	\N	8e20fcb97ecd4eaf9166	f	0	0	0	
1719faa7d4a848fca225	2025-02-24 12:20:42.925	2025-02-24 12:20:42.925	M3-01-0005	3bc5a5ea17f04121a4cd	df3f5bb56ad445179bd7	\N	09bd65d865724a659466	f	0	0	0	
ca701271dc9647c7a77f	2025-02-24 12:20:52.231	2025-02-24 12:20:52.231	B3-01-0002	3bc5a5ea17f04121a4cd	0237963a6d68490a819d	\N	ff91d860a80e41f6b793	f	0	0	0	
d700d84177ca4ca5b766	2025-02-24 12:34:53.227	2025-02-24 12:34:53.227	M2-01-0004	8b8fb8d749594da1b79f	040055f2a92745a39508	\N	20080b0a1c01476c872b	f	0	0	0	
3caffd62c2c8455fa590	2025-02-24 22:21:24.441	2025-02-24 22:21:24.441	B8-01-0001	e8e9d2dc9a1147d19444	f6bc10251ae64f42b4ec	\N	5838f88a84e247ef8f6a	f	0	0	0	
941d8640907f4f0388f1	2025-02-24 22:24:00.38	2025-02-24 22:24:00.38	I7-01-0001	ca323ded2d414d71b3e0	c9ad7957ad8f4c37a836	\N	03e5299de4e54507b9e2	f	0	0	0	
a3008e44a48a49e0aa41	2025-02-24 22:25:52.72	2025-02-24 22:25:52.72	B8-01-0002	050da28974964a2b8fb0	f6bc10251ae64f42b4ec	\N	675987a9a3de44eebef0	f	0	0	0	
2ae2613b7fc04ef595c2	2025-02-24 22:27:01.21	2025-02-24 22:27:01.21	B8-01-0003	2688b537279d4397acbc	f6bc10251ae64f42b4ec	\N	1f208f1be0d244bc813d	f	0	0	0	
232e327a58ff41c59939	2025-02-24 22:29:29.658	2025-02-24 22:29:29.658	M2-01-0005	20a96ffc15164e339885	040055f2a92745a39508	\N	633383e07ab8448eab84	f	0	0	0	
6177ae743d3947ec9d09	2025-02-24 22:32:16.302	2025-02-24 22:32:16.302	M0-01-0002	e5ca27730f8b433e9ec4	347889e707954ba79692	\N	49f1721550b146d6b09d	f	0	0	0	
e345c7dc5835490b857e	2025-02-24 22:32:25.72	2025-02-24 22:32:25.72	B0-01-0001	e5ca27730f8b433e9ec4	990285a38a9b4f5e938b	\N	5bfadf7b33934db49f52	f	0	0	0	
5e1f82e688a54ce3bbe3	2025-02-24 22:35:01.187	2025-02-24 22:35:01.187	B6-01-0002	470f2c6b219549c982af	470059c8221b46d7bf28	\N	775a53df3ac8448cbe79	f	0	0	0	
1e2a73e901c948fc9ac7	2025-02-24 22:40:03.015	2025-02-24 22:40:03.015	M2-01-0007	1081bd23bcbf49ea83dd	040055f2a92745a39508	\N	364fa827f77a4b0c8fd1	f	0	0	0	
b7164bbd293c4d0ea48e	2025-02-24 22:41:19.83	2025-02-24 22:41:19.83	M2-01-0008	ae3f4b56ee5743f5ad72	040055f2a92745a39508	\N	67523715c2fd4222a2ba	f	0	0	0	
3c19720d3444451b83a2	2025-02-25 00:16:52.331	2025-02-25 00:16:52.331	B8-01-0004	37341371b38e4fb586f4	f6bc10251ae64f42b4ec	\N	50a8fdf1b339411e916a	f	0	0	0	
31d37a5e813e4c5a99de	2025-02-25 00:18:58.34	2025-02-25 00:18:58.34	M2-01-0009	1d265a903c9640d9a561	040055f2a92745a39508	\N	be6ba0da355d49e9a65b	f	0	0	0	
84c76670481140f7a133	2025-02-25 00:20:58.19	2025-02-25 00:20:58.19	M0-01-0003	27f82a1f92df4b9288de	347889e707954ba79692	\N	78de0c53e1864ca08ab7	f	0	0	0	
4c1a72de7ba24fe5b303	2025-02-25 00:26:16.299	2025-02-25 00:26:16.299	I7-01-0002	e130d16f474b49e78fd7	c9ad7957ad8f4c37a836	\N	291fd722c0c242b48911	f	0	0	0	
138add86abd6448491d0	2025-02-25 00:30:34.779	2025-02-25 00:30:34.779	B8-01-0005	9b5f18e450b64b7696e7	f6bc10251ae64f42b4ec	\N	6a2e6138d7834d79b99f	f	0	0	0	
5c7c180fd12b404aa6bc	2025-02-25 00:33:38.955	2025-02-25 00:33:38.955	S0-01-0001	e976b5fc341745f79870	554947e8cd204f0b8b0e	\N	8012f6841ea34a5ea1dc	f	0	0	0	
b51467ae16b24e8e8c67	2025-02-25 00:36:03.949	2025-02-25 00:36:03.949	M4-01-0001	443d5f3500454ba79ef8	0110ce5aa8f8468faca6	\N	d564f4e0b1a648ccb1a2	f	0	0	0	
5f9d9c8b4c514b7c878c	2025-02-25 00:38:37.245	2025-02-25 00:38:37.245	I6-01-0002	f1d255aad3394aafbbe7	4623c943020341dd8faf	\N	835181cb38f2494989ac	f	0	0	0	
f0fdea66b0b949f38f4a	2025-02-25 00:40:28.968	2025-02-25 00:40:28.968	M2-01-0010	efe2e715f5ff4179b97c	040055f2a92745a39508	\N	736a45f763e0443f9856	f	0	0	0	
097e7297353e44b2bce8	2025-02-25 00:42:52.835	2025-02-25 00:42:52.835	B9-01-0001	eb9374ecb5a54e57a62d	0f78f85794c94ce8aa7b	\N	5f16738ea48f429cad31	f	0	0	0	
8347f8eed6374680a5c8	2025-02-25 00:44:42.464	2025-02-25 00:44:42.464	B4-01-0001	5214d45867744a57aa07	0f4ad8a2cbea4980b044	\N	5812edcdc969438faae8	f	0	0	0	
d81a50e3e37941bdb878	2025-02-25 00:46:12.963	2025-02-25 00:46:12.963	M0-01-0004	fe9e53d41aba47099cae	347889e707954ba79692	\N	22e014b01c534f6ebd42	f	0	0	0	
c7827fe315794afc9dd4	2025-02-25 00:49:55.428	2025-02-25 00:49:55.428	M1-01-0006	7891f42593cb4ec6b85e	d83d9e8ba71f40d49b3f	\N	ba74a06dca6b41e48f75	f	0	0	0	
80a19be0c3fc4e8dbdbc	2025-02-25 00:52:06.969	2025-02-25 00:52:06.969	B7-01-0002	262295a4f73a4a2c981e	907131fac9b7413289b7	\N	3a8f122f53ec410291c8	f	0	0	0	
c147c9fdd1384799b123	2025-02-25 00:53:30.27	2025-02-25 00:53:30.27	M8-01-0001	2d26f3a7d15941e39f6c	c3ed8f356ea741838090	\N	e504904694ac4c6db829	f	0	0	0	
0031b165e8ac4e5cbd11	2025-02-25 00:55:38.869	2025-02-25 00:55:38.869	S0-01-0002	2b227a50f55f444bbe86	554947e8cd204f0b8b0e	\N	ed04af31dda14c5491e6	f	0	0	0	
2a1d41225822493982df	2025-02-25 00:57:11.186	2025-02-25 00:57:11.186	M3-01-0006	444109499978487dacc8	df3f5bb56ad445179bd7	\N	906b504caef942f2bd25	f	0	0	0	
32d3817f1ce544e4a031	2025-02-25 00:59:03.901	2025-02-25 00:59:03.901	S2-01-0001	60392828ede74f3db555	b5ea33ad1cf54a8f82f6	\N	9c6f50416a63421f8d3f	f	0	0	0	
30ae32465980420ab71e	2025-02-25 01:32:03.501	2025-02-25 01:32:03.501	S1-01-0003	66caec45ed3c4b618b57	20a9bf2737c74241b47b	\N	19a7084e716d45dfbedd	f	0	0	0	
780c8a4d51c5406c908e	2025-02-25 12:35:05.02	2025-02-25 12:35:05.02	S5-01-0013	8ba8ad881e1b477fbe8f	9fde761d67e440089f74	\N	ba5cc4d52a874c5c89a9	f	0	0	0	
3829b2a25a6040c8ae6e	2025-02-25 12:50:36.74	2025-02-25 12:50:36.74	S3-01-0001	0a93a6e2f9c44ef19ee5	9ece83f1a42d4f0d912e	\N	89d4a93b04704457857e	f	0	0	0	
a91b68ef79724e009d64	2025-02-25 12:52:10.025	2025-02-25 12:52:10.025	M2-01-0011	fb2fe83a77a9487590a0	040055f2a92745a39508	\N	cbfaba17cf254cb3b71c	f	0	0	0	
95c8a555e98d4f01a5b7	2025-02-25 12:53:44.584	2025-02-25 12:53:44.584	M2-01-0012	712b386da61543e19bf7	040055f2a92745a39508	\N	d619446649864dfc8146	f	0	0	0	
f418958856a148d9a6ae	2025-02-25 12:55:04.298	2025-02-25 12:55:04.298	M2-01-0013	a4f5b842f254424ebb27	040055f2a92745a39508	\N	177f2c8eed194d0d90c8	f	0	0	0	
7a93ace314974f3db9ca	2025-02-25 12:55:42.466	2025-02-25 12:55:42.466	S2-01-0003	a4f5b842f254424ebb27	b5ea33ad1cf54a8f82f6	\N	8dbc02fc1c174b49aef1	f	0	0	0	
e5a15789da5c4548ae21	2025-02-25 13:17:23.332	2025-02-25 13:17:23.332	S2-01-0002	c18b05c173ac4f7d8161	b5ea33ad1cf54a8f82f6	\N	f8a663454e4e4d56a561	f	0	0	0	
95835a04de6846cc9521	2025-02-25 13:42:38.598	2025-02-25 13:42:38.598	M2-01-0014	121598b3440d43dda1f7	040055f2a92745a39508	\N	1a6a32277d0c4bdaaa20	f	0	0	0	
d8126958342941a48772	2025-02-25 13:45:08.696	2025-02-25 13:45:08.696	M2-01-0015	3019dbf76afe487ab14f	040055f2a92745a39508	\N	5d8c86987b5f45f6b76e	f	0	0	0	
228890ba4209448da58d	2025-02-25 13:49:44.79	2025-02-25 13:49:44.79	M3-01-0007	6ceb6f5aca9d4b23aa30	df3f5bb56ad445179bd7	\N	cb1514cbc83d44f09c1e	f	0	0	0	
6d6c8d4686ee46d283f0	2025-02-26 14:26:32.529	2025-02-26 14:26:32.529	M1-01-0007	963df61878b44a2cb37a	d83d9e8ba71f40d49b3f	\N	44fac4e1e79044ecb911	f	0	0	0	
07c46fbfa58d4727a83d	2025-02-26 14:29:13.644	2025-02-26 14:29:13.644	M0-01-0005	74e79148fa4e41eaa654	347889e707954ba79692	\N	e1a4bffcd9c4446b8c76	f	0	0	0	
f27d5d64fe85469191ec	2025-02-26 14:30:15.787	2025-02-26 14:30:15.787	B0-01-0002	74e79148fa4e41eaa654	990285a38a9b4f5e938b	\N	1df7fa5f156e4d0ebb33	f	0	0	0	
f8f149238b79439893a0	2025-02-26 14:30:39.777	2025-02-26 14:30:39.777	S0-01-0003	74e79148fa4e41eaa654	554947e8cd204f0b8b0e	\N	be5693d59bda4ea4bb7d	f	0	0	0	
cc49d7a6af404b408c3b	2025-02-26 14:37:49.478	2025-02-26 14:37:49.478	M0-01-0006	92ac789c35d74dd5bf23	347889e707954ba79692	\N	121d6519a7264cb6b705	f	0	0	0	
46419374d172469aa0bb	2025-02-26 14:43:18.761	2025-02-26 14:43:18.761	M2-01-0016	0134bf326c15419c9b08	040055f2a92745a39508	\N	c43cb6fb78064eebbf07	f	0	0	0	
875a4647ff884d1a8482	2025-02-26 14:45:23.47	2025-02-26 14:45:23.47	B4-01-0002	351b8c99aa624bfba5c7	0f4ad8a2cbea4980b044	\N	f5b4c80151784b0da46a	f	0	0	0	
6528efaf0cf34813a035	2025-02-26 14:47:22.786	2025-02-26 14:47:22.786	M3-01-0008	5d364fdf146045a8a134	df3f5bb56ad445179bd7	\N	385959bf67324a14b3d1	f	0	0	0	
370f1b62848a4baa89ad	2025-02-26 14:51:27.541	2025-02-26 14:51:27.541	M6-01-0002	8ff74de99b4f4c208cdf	5825a425129d4261ae58	\N	7bb589baa7394b3e8f4a	f	0	0	0	
4d30b4592ed0489f917c	2025-02-26 14:51:40.826	2025-02-26 14:51:40.826	B6-01-0003	8ff74de99b4f4c208cdf	470059c8221b46d7bf28	\N	6622b9ed30194a60b7e0	f	0	0	0	
3b6bb30d3ecf44018ce7	2025-02-26 14:58:09.684	2025-02-26 14:58:09.684	M6-01-0003	960b496123c24038b85b	5825a425129d4261ae58	\N	86f447da4ca34a16b11e	f	0	0	0	
e2c23ef4f5374a25a905	2025-02-26 14:59:44.846	2025-02-26 14:59:44.846	M6-01-0004	b762bc5db7ee4380abac	5825a425129d4261ae58	\N	f72d5eb9ad0b4a7b9558	f	0	0	0	
7409f8ca326643f19106	2025-02-26 15:01:41.262	2025-02-26 15:01:41.262	S6-01-0002	a152bccf25ce4df792ac	1607a278c49540b8823c	\N	c412a933a61b477bb4a2	f	0	0	0	
dc37510622ea4622b70e	2025-02-26 15:10:06.178	2025-02-26 15:10:06.178	S0-01-0004	6a73e382bfc140eb92bb	554947e8cd204f0b8b0e	\N	a3b7540832c5425aa77a	f	0	0	0	
27acc8e916ea4497a7a5	2025-02-26 15:12:50.53	2025-02-26 15:12:50.53	M2-01-0017	403648f9262849b9a42e	040055f2a92745a39508	\N	bc0c9cdcae944f90983f	f	0	0	0	
a85e47f8760e42cabdf6	2025-02-26 15:13:02.089	2025-02-26 15:13:02.089	B2-01-0004	403648f9262849b9a42e	7662de691c1c44ad96f1	\N	32e7805f87c64fdba2f3	f	0	0	0	
07ede2a8f42f4b029db0	2025-02-24 12:35:00.55	2025-02-24 12:35:00.55	B2-01-0003	8b8fb8d749594da1b79f	7662de691c1c44ad96f1	\N	294279a9cb7144338c3e	f	0	0	0	
9f399718ebd04e5098e8	2025-02-27 01:24:14.148	2025-02-27 01:24:14.148	B4-01-0003	ed16fbae36144f989583	0f4ad8a2cbea4980b044	\N	c8d61bb27f5747ed9c94	f	0	0	0	
c044c36cf1884d12bb0c	2025-02-27 01:28:08.014	2025-02-27 01:28:08.014	B4-01-0004	94a06ea6bafc40ad9ab0	0f4ad8a2cbea4980b044	\N	d9612d05256a4c7991dc	f	0	0	0	
2410030a52cb45439bb7	2025-02-27 01:29:07.584	2025-02-27 01:29:07.584	B4-01-0005	d21a94218e104c7a8373	0f4ad8a2cbea4980b044	\N	50e188fdb898433f8388	f	0	0	0	
122bb6790ab446b2afe7	2025-02-27 01:30:02.438	2025-02-27 01:30:02.438	B4-01-0006	7381af673ed841bc95c6	0f4ad8a2cbea4980b044	\N	a0542d006009414e9ade	f	0	0	0	
8e6092ae3ca04648a505	2025-02-27 01:30:51.929	2025-02-27 01:30:51.929	B4-01-0007	c95586e44d1c42b6aea2	0f4ad8a2cbea4980b044	\N	fb5ebf8a1fde4c30b26b	f	0	0	0	
81f98cc3a59d4c209c6a	2025-02-27 01:31:57.623	2025-02-27 01:31:57.623	B4-01-0008	a7da34ab47a94a3f9e80	0f4ad8a2cbea4980b044	\N	03d3f248b328481e9e2b	f	0	0	0	
3952c91d1e9542628909	2025-02-27 01:33:30.627	2025-02-27 01:33:30.627	B4-01-0009	db69a4dd315a4900b734	0f4ad8a2cbea4980b044	\N	36c941c646c54e7f90a0	f	0	0	0	
732684c6c7c14dd38194	2025-02-27 01:34:56.485	2025-02-27 01:34:56.485	B6-01-0004	a34f100cda5641d8a6b4	470059c8221b46d7bf28	\N	f2a672aa9b474de6904f	f	0	0	0	
9d6f63f65f6a425e8e0e	2025-02-27 02:48:19.987	2025-02-27 02:48:19.987	B3-01-0004	f55695c86ddd4c22bc00	0237963a6d68490a819d	\N	b04847718b6c4ea0a396	f	0	0	0	
431d024560c842e38377	2025-02-27 02:51:00.51	2025-02-27 02:51:00.51	B5-01-0001	0e6215258fab4428aaff	59ba0368940e4c269b31	\N	d12a9b39b8ba4013b140	f	0	0	0	
0376ec3b761b4828bf02	2025-02-27 02:52:07.411	2025-02-27 02:52:07.411	B6-01-0005	ad1ff1ffe3ac45b88e2d	470059c8221b46d7bf28	\N	51ee1abdb91b47cdab80	f	0	0	0	
fcdf57a1416042bc8f94	2025-02-27 02:53:52.851	2025-02-27 02:53:52.851	B2-01-0005	f7f18db3dbbb415b91e9	7662de691c1c44ad96f1	\N	263c4726c4634aeabd7c	f	0	0	0	
beac227fcf984c048194	2025-02-27 02:55:22.736	2025-02-27 02:55:22.736	I3-01-0001	9182387b68404b6e8c5d	7f0c8d9ed5c2493690b2	\N	d99fe81ce2c94442a479	f	0	0	0	
95efd687596948d191a1	2025-02-27 02:56:37.588	2025-02-27 02:56:37.588	M4-01-0002	1a85b95b10444adb9824	0110ce5aa8f8468faca6	\N	f5a072f72e8642b6b111	f	0	0	0	
22164a498d544a3ea416	2025-02-27 02:57:02.178	2025-02-27 02:57:02.178	B4-01-0010	1a85b95b10444adb9824	0f4ad8a2cbea4980b044	\N	4d789117bb5f48698b71	f	0	0	0	
c380bf32a57942d1b312	2025-02-27 02:57:16.446	2025-02-27 02:57:16.446	S4-01-0001	1a85b95b10444adb9824	b582bb8622ba4a4fbbb0	\N	b5f6e43c568548c19366	f	0	0	0	
7e10933fbcb544f99861	2025-02-27 03:00:40.524	2025-02-27 03:00:40.524	I3-01-0002	bac443466e004db78551	7f0c8d9ed5c2493690b2	\N	22e73b1bba2747bd9bb2	f	0	0	0	
7fe24b91806e46bbbf92	2025-02-27 03:02:22.768	2025-02-27 03:02:22.768	M3-01-0009	1f5b4fe45dab4487b6f9	df3f5bb56ad445179bd7	\N	e5f103bbf8484347bea0	f	0	0	0	
feba7c22471447839999	2025-02-27 03:03:49.757	2025-02-27 03:03:49.757	M4-01-0003	3c780c17084443e0be87	0110ce5aa8f8468faca6	\N	0a323492e3404a288309	f	0	0	0	
e63369f5df724c2c96ec	2025-02-27 03:05:22.044	2025-02-27 03:05:22.044	M3-01-0010	4e8a3acdb28f43859b67	df3f5bb56ad445179bd7	\N	567b5f46e7f443c789cc	f	0	0	0	
654af401edd942519651	2025-02-27 03:05:36.957	2025-02-27 03:05:36.957	B3-01-0005	4e8a3acdb28f43859b67	0237963a6d68490a819d	\N	8a8491786ec74d368322	f	0	0	0	
a0b942da936c404a8896	2025-02-27 03:06:28.548	2025-02-27 03:06:28.548	B3-01-0006	bcb2a7ac47264f338acf	0237963a6d68490a819d	\N	80056a7fe1f34eccab6b	f	0	0	0	
a982d3bac17b466387f6	2025-02-27 03:06:54.174	2025-02-27 03:06:54.174	M3-01-0011	bcb2a7ac47264f338acf	df3f5bb56ad445179bd7	\N	67102dcd8f9541de9761	f	0	0	0	
811506d5489343a0a921	2025-02-27 03:09:26.442	2025-02-27 03:09:26.442	S4-01-0002	fbb08c37256e49d98a1b	b582bb8622ba4a4fbbb0	\N	c4089b2d8d8c4a7aa255	f	0	0	0	
00a6042784f54e908f56	2025-02-27 03:11:02.357	2025-02-27 03:11:02.357	M0-01-0007	cbe50237cf604e1fb141	347889e707954ba79692	\N	88b339e8fb2a4048876c	f	0	0	0	
113be49a15a14889a739	2025-02-27 03:11:17.427	2025-02-27 03:11:17.427	B0-01-0003	cbe50237cf604e1fb141	990285a38a9b4f5e938b	\N	3a87f36fbf644953977f	f	0	0	0	
8a66cbb03cd441b6a3ee	2025-02-27 03:12:58.337	2025-02-27 03:12:58.337	M4-01-0004	1e18c004d2814b3e8c03	0110ce5aa8f8468faca6	\N	0c9408f41f5143239606	f	0	0	0	
17bfaf37d24e4597a8a9	2025-02-27 03:14:46.955	2025-02-27 03:14:46.955	M9-01-0001	a8b285e60e164d69a700	25b28013dcb34fe49abd	\N	123201f1133949ec90cb	f	0	0	0	
d81061181e634924ace6	2025-02-27 03:15:06.884	2025-02-27 03:15:06.884	S9-01-0001	a8b285e60e164d69a700	c17b0c33322840fc8e60	\N	8152e81d5e4a4cf59092	f	0	0	0	
2bd9578ec4e849b4bcc2	2025-02-27 03:17:25.832	2025-02-27 03:17:25.832	S3-01-0002	412f75527f604e6caa64	9ece83f1a42d4f0d912e	\N	e7e70ce9ee2b4b4dbf75	f	0	0	0	
28315f7bbaca40aa9f7c	2025-02-27 03:18:58.557	2025-02-27 03:18:58.557	M7-01-0003	de8855d2544e4cad9803	422af22b13ad42ac928b	\N	d38cb1ab61394a198e50	f	0	0	0	
70d53803b72c4241a627	2025-02-27 03:22:39.973	2025-02-27 03:22:39.973	B9-01-0002	a8b285e60e164d69a700	0f78f85794c94ce8aa7b	\N	18f87c08d45a48b5b790	f	0	0	0	
b5aa4e10eb7c4e91961f	2025-02-27 03:24:37.677	2025-02-27 03:24:37.677	B6-01-0006	9917280fab5a46399b5d	470059c8221b46d7bf28	\N	257e197b3492493a967e	f	0	0	0	
4d715db27fce4c7ca5a6	2025-02-27 03:25:04.653	2025-02-27 03:25:04.653	S6-01-0003	9917280fab5a46399b5d	1607a278c49540b8823c	\N	c39d1afec8634ad5921d	f	0	0	0	
a82481bc4e0f4893b950	2025-02-27 03:26:59.767	2025-02-27 03:26:59.767	B5-01-0002	32cead78e2cd4ded874f	59ba0368940e4c269b31	\N	079a2d13801f48d099a9	f	0	0	0	
d594c8aa18394eb18125	2025-02-27 03:29:55.263	2025-02-27 03:29:55.263	M3-01-0012	4baf0f70c6ba4a42aef2	df3f5bb56ad445179bd7	\N	7fe2dfe5577045948649	f	0	0	0	
704a425fefed469bb43e	2025-02-27 03:32:04.439	2025-02-27 03:32:04.439	M1-01-0008	9b439ff7bca24011b5d8	d83d9e8ba71f40d49b3f	\N	1e0dbcb69aa94d3cba9a	f	0	0	0	
d4893ea876bc48e595c6	2025-02-27 03:33:26.256	2025-02-27 03:33:26.256	B5-01-0003	f1064cd5e53d45fcb7d6	59ba0368940e4c269b31	\N	eb223a7e5c15424aa9f1	f	0	0	0	
44c49de3429743788b16	2025-02-27 03:34:44.39	2025-02-27 03:34:44.39	B6-01-0007	f0acb73e943243e484d0	470059c8221b46d7bf28	\N	9bbc76279f814e4b869a	f	0	0	0	
231fcf193c654d7ba6d5	2025-02-27 03:35:47.574	2025-02-27 03:35:47.574	I6-01-0003	5176638f58a24bac8207	4623c943020341dd8faf	\N	1f80e80cea944a078bfa	f	0	0	0	
647b83d7b569446ba8ba	2025-02-27 03:37:33.507	2025-02-27 03:37:33.507	S5-01-0002	ffa392bfbcd1403fb1c9	9fde761d67e440089f74	\N	4fbddac74f4147799783	f	0	0	0	
f0c6ede42dc249c188f3	2025-02-27 03:38:48.287	2025-02-27 03:38:48.287	I6-01-0004	e4e11b51153547d88a47	4623c943020341dd8faf	\N	2758b554ec6c4e9caa54	f	0	0	0	
4d0b5af55e054a90b605	2025-02-27 03:40:01.783	2025-02-27 03:40:01.783	S5-01-0003	32cead78e2cd4ded874f	9fde761d67e440089f74	\N	d5d93d4fc7d34826a37c	f	0	0	0	
5cf4c267bce24796be89	2025-03-11 07:45:21.233	2025-03-11 07:45:21.233	S1-01-0004	0823150867484c9ebf10	20a9bf2737c74241b47b	\N	90ed1407a0094d91a064	f	0	0	0	
75b665b0d61e42c1841e	2025-03-11 07:47:08.926	2025-03-11 07:47:08.926	M1-01-0009	0823150867484c9ebf10	d83d9e8ba71f40d49b3f	\N	936961b3019b4482985a	f	0	0	0	
1af52b2f4fa544998608	2025-03-11 07:51:08.262	2025-03-11 07:51:08.262	M1-01-0010	9018d1b6753d4062b494	d83d9e8ba71f40d49b3f	\N	c406fab5001340a2ae77	f	0	0	0	
917088c00a4643e88492	2025-03-11 07:53:39.546	2025-03-11 07:53:39.546	M0-01-0008	e532e81e4a3b437c92af	347889e707954ba79692	\N	f7b3aa7432ce45ec98a2	f	0	0	0	
478d6eac6bd240c39912	2025-03-11 07:55:38.846	2025-03-11 07:55:38.846	M3-01-0013	09a574c80ee64a2988a2	df3f5bb56ad445179bd7	\N	d82378153c934d12808f	f	0	0	0	
07ccc7373f294f3cb171	2025-03-11 07:57:27.537	2025-03-11 07:57:27.537	B3-01-0007	5d023373a00f4c20ba3d	0237963a6d68490a819d	\N	efc734ff3dfb46e898f8	f	0	0	0	
9a4642cdbb62462888ba	2025-03-11 08:03:43.754	2025-03-11 08:03:43.754	M4-01-0005	6a33704c1c55410cad7f	0110ce5aa8f8468faca6	\N	443dbb238fd54afc982b	f	0	0	0	
\.


--
-- Data for Name: Kisi; Type: TABLE DATA; Schema: public; Owner: postgres
--

COPY public."Kisi" ("Id", "DateCreate", "DateUpdate", "Header", "Content", "CompetitionId") FROM stdin;
a1228c2e0890472b99d6	2025-02-19 14:06:48.779	2025-02-19 14:06:48.779	\N	Menghitung gambar	347889e707954ba79692
7a9cd785b3274602b0db	2025-02-19 14:06:48.779	2025-02-19 14:06:48.779	\N	Mengurutkan bilangan	347889e707954ba79692
62de029d48a143c7825f	2025-02-19 14:06:48.779	2025-02-19 14:06:48.779	\N	Pengenalan angka dan hitungan dasar angka 1 sampai dengan 10	347889e707954ba79692
f960a66a090d4b778794	2025-02-19 14:06:48.779	2025-02-19 14:06:48.779	\N	Pengenalan bentuk dan gambar	347889e707954ba79692
e726d08ac99a4922ac3b	2025-02-19 14:06:48.779	2025-02-19 14:06:48.779	\N	Penjumlahan dan pengurangan dasar	347889e707954ba79692
d703eb67d3af475b9c55	2025-02-19 14:06:48.779	2025-02-19 14:06:48.779	\N	Pemahaman urutan hari dan musim	347889e707954ba79692
a4e032402eba45fb8cb3	2025-02-19 14:06:48.779	2025-02-19 14:06:48.779	\N	Membilang sampai dengan 20	d83d9e8ba71f40d49b3f
cf4a58fa8a2a4f0696d6	2025-02-19 14:06:48.779	2025-02-19 14:06:48.779	\N	Penjumlahan dan pengurangan sederhana	d83d9e8ba71f40d49b3f
f2e76ff928744728b847	2025-02-19 14:06:48.779	2025-02-19 14:06:48.779	\N	Satuan panjang dan pengurangan sederhana	d83d9e8ba71f40d49b3f
3a352eb7e4f447a1a39f	2025-02-19 14:06:48.779	2025-02-19 14:06:48.779	\N	Satuan panjang dan waktu	d83d9e8ba71f40d49b3f
fb3572f7ab384196a7f3	2025-02-19 14:06:48.779	2025-02-19 14:06:48.779	\N	Bangun datar dan bangun ruang	d83d9e8ba71f40d49b3f
acad4117403e48e98bdb	2025-02-19 14:06:48.779	2025-02-19 14:06:48.779	\N	Mengurutkan dan membandingkan bilangan	d83d9e8ba71f40d49b3f
55ecbf542252408c8df1	2025-02-19 14:06:48.779	2025-02-19 14:06:48.779	\N	Menentukan hari dan tanggal	d83d9e8ba71f40d49b3f
2cd5eb411297413ba5e0	2025-02-19 14:06:48.779	2025-02-19 14:06:48.779	\N	Pengenalan pola	d83d9e8ba71f40d49b3f
bdee6bb37ba04741bba3	2025-02-19 14:06:48.779	2025-02-19 14:06:48.779	\N	Pengumpulan dan pengolahan data sederhana	d83d9e8ba71f40d49b3f
9eca498770cb4f4ba3c4	2025-02-19 14:06:48.779	2025-02-19 14:06:48.779	\N	Membilang 1 sampai dengan 1.000	040055f2a92745a39508
9d35bd139ab441c78aa2	2025-02-19 14:06:48.779	2025-02-19 14:06:48.779	\N	Bilangan cacah	040055f2a92745a39508
78481b89ee674358acb0	2025-02-19 14:06:48.779	2025-02-19 14:06:48.779	\N	Penjumlahan dan pengurangan bersusun	040055f2a92745a39508
4f6f2985ea074baf84d6	2025-02-19 14:06:48.779	2025-02-19 14:06:48.779	\N	Perkalian dan pembagian	040055f2a92745a39508
78006640bde84f1da1a2	2025-02-19 14:06:48.779	2025-02-19 14:06:48.779	\N	Bangun datar dan bangun ruang	040055f2a92745a39508
98d5ff193cdd4a5e8751	2025-02-19 14:06:48.779	2025-02-19 14:06:48.779	\N	Pengukuran	040055f2a92745a39508
a11b8be561344796afee	2025-02-19 14:06:48.779	2025-02-19 14:06:48.779	\N	Tabel dan grafik	040055f2a92745a39508
aac2ee1001274d039827	2025-02-19 14:06:48.779	2025-02-19 14:06:48.779	\N	Membilang sampai dengan 10.000	df3f5bb56ad445179bd7
c20ad83d279740cbb012	2025-02-19 14:06:48.779	2025-02-19 14:06:48.779	\N	Operasi hitung campuran	df3f5bb56ad445179bd7
1d7dde4e5aba4574ba77	2025-02-19 14:06:48.779	2025-02-19 14:06:48.779	\N	Macam-macam sudut	df3f5bb56ad445179bd7
334d8ae125214b6db684	2025-02-19 14:06:48.779	2025-02-19 14:06:48.779	\N	Mata uang	df3f5bb56ad445179bd7
a3666536f5c547688375	2025-02-19 14:06:48.779	2025-02-19 14:06:48.779	\N	Pecahan	df3f5bb56ad445179bd7
05961e20d47146e0b05e	2025-02-19 14:06:48.779	2025-02-19 14:06:48.779	\N	Menghitung keliling bangun datar	df3f5bb56ad445179bd7
a27037338a974eb9ab6a	2025-02-19 14:06:48.779	2025-02-19 14:06:48.779	\N	Simetri lipat dan simetri putar	df3f5bb56ad445179bd7
55668235226845d9b8ed	2025-02-19 14:06:48.779	2025-02-19 14:06:48.779	\N	Garis bilangan	df3f5bb56ad445179bd7
3c393faf1d9b43f490ea	2025-02-19 14:06:48.779	2025-02-19 14:06:48.779	\N	Memilih dan penggunaan alat ukur	df3f5bb56ad445179bd7
be14c168c6ba4d7992f9	2025-02-19 14:06:48.779	2025-02-19 14:06:48.779	\N	Pola dan bilangan	df3f5bb56ad445179bd7
05c13f0addb94b5e8207	2025-02-19 14:06:48.779	2025-02-19 14:06:48.779	\N	Menghitung luas bangun datar	0110ce5aa8f8468faca6
a06d1c7908524d52926d	2025-02-19 14:06:48.779	2025-02-19 14:06:48.779	\N	Pola gambar dan pola bilangan	0110ce5aa8f8468faca6
56f87cec9c0d465f9e4a	2025-02-19 14:06:48.779	2025-02-19 14:06:48.779	\N	Konversi satuan	0110ce5aa8f8468faca6
26a801681fc24a72aae9	2025-02-19 14:06:48.779	2025-02-19 14:06:48.779	\N	Bangun ruang	0110ce5aa8f8468faca6
65eacf09604e4331b06a	2025-02-19 14:06:48.779	2025-02-19 14:06:48.779	\N	KPK, FPB dan faktor prima	0110ce5aa8f8468faca6
5871b1ca760047f59dcd	2025-02-19 14:06:48.779	2025-02-19 14:06:48.779	\N	Operasi hitung bilangan	0110ce5aa8f8468faca6
2c1a3ccb2cfa47eba654	2025-02-19 14:06:48.779	2025-02-19 14:06:48.779	\N	Pembulatan bilangan	0110ce5aa8f8468faca6
a6bb624f1659487a8686	2025-02-19 14:06:48.779	2025-02-19 14:06:48.779	\N	Aritmatika	0110ce5aa8f8468faca6
eb81785ef3d044d8b50d	2025-02-19 14:06:48.779	2025-02-19 14:06:48.779	\N	Piktogram dan diagram batang	0110ce5aa8f8468faca6
c6b333452e47458bbc67	2025-02-19 14:06:48.779	2025-02-19 14:06:48.779	\N	Bilangan bulat	f8e27c3ca3a341319d92
c509e8cbefe349508e97	2025-02-19 14:06:48.779	2025-02-19 14:06:48.779	\N	Bilangan desimal	f8e27c3ca3a341319d92
bc3adf958d154d2087aa	2025-02-19 14:06:48.779	2025-02-19 14:06:48.779	\N	Operasi hitung campuran	f8e27c3ca3a341319d92
a6b1e18a6907424fbd7b	2025-02-19 14:06:48.779	2025-02-19 14:06:48.779	\N	Nilai rata-rata	f8e27c3ca3a341319d92
69ce3cb955f64dfb896a	2025-02-19 14:06:48.779	2025-02-19 14:06:48.779	\N	Sifat operasi hitung	f8e27c3ca3a341319d92
03a428b6e7fd48c18237	2025-02-19 14:06:48.779	2025-02-19 14:06:48.779	\N	Menghitung volume	f8e27c3ca3a341319d92
89e12d947dea489586d1	2025-02-19 14:06:48.779	2025-02-19 14:06:48.779	\N	Pembulatan bilangan	f8e27c3ca3a341319d92
71f277f6713d4e5c8376	2025-02-19 14:06:48.779	2025-02-19 14:06:48.779	\N	Bilangan pecahan	f8e27c3ca3a341319d92
35cd1d36467248d7975b	2025-02-19 14:06:48.779	2025-02-19 14:06:48.779	\N	FPB, KPK, dan faktor prima	f8e27c3ca3a341319d92
c78d44078ee943c69a5e	2025-02-19 14:06:48.779	2025-02-19 14:06:48.779	\N	Konversi satuan	f8e27c3ca3a341319d92
31dbb150f69d4dcba8b7	2025-02-19 14:06:48.779	2025-02-19 14:06:48.779	\N	Bangun datar dan bangun ruang	f8e27c3ca3a341319d92
718d5927920d4e76b3fb	2025-02-19 14:06:48.779	2025-02-19 14:06:48.779	\N	Aritmatika	f8e27c3ca3a341319d92
a93f2a73669f4cef8b92	2025-02-19 14:06:48.779	2025-02-19 14:06:48.779	\N	Sudut	f8e27c3ca3a341319d92
3337178df6014594b541	2025-02-19 14:06:48.779	2025-02-19 14:06:48.779	\N	Geometri dan pengukuran	f8e27c3ca3a341319d92
96bc0c3bd9ac478281c5	2025-02-19 14:06:48.779	2025-02-19 14:06:48.779	\N	Perpangkatan akar	f8e27c3ca3a341319d92
efa7d3ee35334995a9b7	2025-02-19 14:06:48.779	2025-02-19 14:06:48.779	\N	Bilangan bulat negatif	5825a425129d4261ae58
0929d2a3a2cd4af592d0	2025-02-19 14:06:48.779	2025-02-19 14:06:48.779	\N	Operasi hitung bilangan	5825a425129d4261ae58
51928c4f58c54a77bce6	2025-02-19 14:06:48.779	2025-02-19 14:06:48.779	\N	Mengoperasikan berbagai bentuk pecahan	5825a425129d4261ae58
806b1fae8ffd4f989079	2025-02-19 14:06:48.779	2025-02-19 14:06:48.779	\N	Mengubah pecahan ke bentuk persen dan desimal	5825a425129d4261ae58
f867ef3cca1d4d8ca599	2025-02-19 14:06:48.779	2025-02-19 14:06:48.779	\N	Luas permukaan dan volume bangun ruang	5825a425129d4261ae58
1673d8a58e434d58af91	2025-02-19 14:06:48.779	2025-02-19 14:06:48.779	\N	Lingkaran	5825a425129d4261ae58
43847cb740794c10b6d0	2025-02-19 14:06:48.779	2025-02-19 14:06:48.779	\N	Mean, median dan modus	5825a425129d4261ae58
de507712b2a841dd8401	2025-02-19 14:06:48.779	2025-02-19 14:06:48.779	\N	Konversii satuan	5825a425129d4261ae58
e9af11f7c5144bdcad75	2025-02-19 14:06:48.779	2025-02-19 14:06:48.779	\N	FPB dan KPK	5825a425129d4261ae58
ce98dff9db154e309c77	2025-02-19 14:06:48.779	2025-02-19 14:06:48.779	\N	Statistika	5825a425129d4261ae58
0610b5f2d09b427292e6	2025-02-19 14:06:48.779	2025-02-19 14:06:48.779	\N	Perpangkatan dan akar	5825a425129d4261ae58
e54e615271424f99afac	2025-02-19 14:06:48.779	2025-02-19 14:06:48.779	\N	Aritmatika	5825a425129d4261ae58
178ab22f3361493a9752	2025-02-19 14:06:48.779	2025-02-19 14:06:48.779	\N	Geometri	5825a425129d4261ae58
087f37b6f0784ec3b5f1	2025-02-19 14:06:48.779	2025-02-19 14:06:48.779	\N	Aljabar sederhana	5825a425129d4261ae58
7e4462f2e79f41819106	2025-02-19 14:06:48.779	2025-02-19 14:06:48.779	\N	Kombinatorik	5825a425129d4261ae58
5deda57ff1184a6ebd47	2025-02-19 14:06:48.779	2025-02-19 14:06:48.779	\N	Operasi bilangan bulat, pecahan, desimal, dan berpangkat	422af22b13ad42ac928b
69752522c86145c082e8	2025-02-19 14:06:48.779	2025-02-19 14:06:48.779	\N	Bilangan rasional dann irasional	422af22b13ad42ac928b
b5e72ebd4198443ca253	2025-02-19 14:06:48.779	2025-02-19 14:06:48.779	\N	Rasio	422af22b13ad42ac928b
c6e86e95fa624b5a9614	2025-02-19 14:06:48.779	2025-02-19 14:06:48.779	\N	Kesebangunan	422af22b13ad42ac928b
361dabaa7aba4fff913d	2025-02-19 14:06:48.779	2025-02-19 14:06:48.779	\N	Aljabar	422af22b13ad42ac928b
912a0fe2ab0e46269f7e	2025-02-19 14:06:48.779	2025-02-19 14:06:48.779	\N	Geometri	422af22b13ad42ac928b
3556103723014e68b239	2025-02-19 14:06:48.779	2025-02-19 14:06:48.779	\N	Konversi antar satuan panjang, massa dan waktu	422af22b13ad42ac928b
328d9bc0205a4465adea	2025-02-19 14:06:48.779	2025-02-19 14:06:48.779	\N	Volume dan luas permukaan prisma dan tabung	422af22b13ad42ac928b
78e4786d4645489e98c9	2025-02-19 14:06:48.779	2025-02-19 14:06:48.779	\N	Statistika dan peluang	422af22b13ad42ac928b
6cce441eeaaa41d99a0c	2025-02-19 14:06:48.779	2025-02-19 14:06:48.779	\N	Perbandingan dan skala	422af22b13ad42ac928b
e7230f0033794577b089	2025-02-19 14:06:48.779	2025-02-19 14:06:48.779	\N	Data dan diagram	422af22b13ad42ac928b
c6b2c226a4144a078602	2025-02-19 14:06:48.779	2025-02-19 14:06:48.779	\N	Operasi bilangan berpangkat dan bentuk akar	c3ed8f356ea741838090
6a0a54cdaea34f82b3b5	2025-02-19 14:06:48.779	2025-02-19 14:06:48.779	\N	Aljabar	c3ed8f356ea741838090
2530b17be08d4487a9fb	2025-02-19 14:06:48.779	2025-02-19 14:06:48.779	\N	Geometri	c3ed8f356ea741838090
2a5e1850dfa84a3ab219	2025-02-19 14:06:48.779	2025-02-19 14:06:48.779	\N	Pengukuran: luas permukaan dan volume bangun ruang sisi datar dan lengkung	c3ed8f356ea741838090
3a0f8beec5b4455cb937	2025-02-19 14:06:48.779	2025-02-19 14:06:48.779	\N	Statistika dan peluang	c3ed8f356ea741838090
2bf63e5ce84d4874b2f3	2025-02-19 14:06:48.779	2025-02-19 14:06:48.779	\N	Kesebangunan dan kekongruenan	c3ed8f356ea741838090
6af6c50e92924e26a1de	2025-02-19 14:06:48.779	2025-02-19 14:06:48.779	\N	Teorema Pythagoras	c3ed8f356ea741838090
69d9d3480fc448988823	2025-02-19 14:06:48.779	2025-02-19 14:06:48.779	\N	Persamaan linier dan pertidaksamaan linier satu variabel	c3ed8f356ea741838090
1aef81f69ff44038a0ab	2025-02-19 14:06:48.779	2025-02-19 14:06:48.779	\N	Relasi dan fungsi	c3ed8f356ea741838090
5453006d05dd4390ab62	2025-02-19 14:06:48.779	2025-02-19 14:06:48.779	\N	Persamaan garis lurus	c3ed8f356ea741838090
3c50a1dbecaa4fe48f37	2025-02-19 14:06:48.779	2025-02-19 14:06:48.779	\N	Probabilitas	c3ed8f356ea741838090
e467a24227f04d849f41	2025-02-19 14:06:48.779	2025-02-19 14:06:48.779	\N	Aljabar	25b28013dcb34fe49abd
cb9b8b626d8c448ebbc3	2025-02-19 14:06:48.779	2025-02-19 14:06:48.779	\N	Penjabaran dan pemfaktoran	25b28013dcb34fe49abd
a49b6d1cc41b4219b48f	2025-02-19 14:06:48.78	2025-02-19 14:06:48.78	\N	Akar kuadrat	25b28013dcb34fe49abd
2454ae4ba43440a2a95b	2025-02-19 14:06:48.78	2025-02-19 14:06:48.78	\N	Fungsi	25b28013dcb34fe49abd
70a710d90b55405c8e8a	2025-02-19 14:06:48.78	2025-02-19 14:06:48.78	\N	Kesebangunan	25b28013dcb34fe49abd
5fe2e6a44138484c878c	2025-02-19 14:06:48.78	2025-02-19 14:06:48.78	\N	Lingkaran	25b28013dcb34fe49abd
876d948f45e64c1892d5	2025-02-19 14:06:48.78	2025-02-19 14:06:48.78	\N	Teorema Pythagoras	25b28013dcb34fe49abd
61644d268ed24e01b1eb	2025-02-19 14:06:48.78	2025-02-19 14:06:48.78	\N	Persamaan dan pertidaksamaan kuadrat	25b28013dcb34fe49abd
7744a94e7bbd4029a93b	2025-02-19 14:06:48.78	2025-02-19 14:06:48.78	\N	Geometri	25b28013dcb34fe49abd
c8eb0a8cbc1f4210a27b	2025-02-19 14:06:48.78	2025-02-19 14:06:48.78	\N	Trigonometri	25b28013dcb34fe49abd
192de8b93f5c42c480f2	2025-02-19 14:06:48.78	2025-02-19 14:06:48.78	\N	Statistika dan peluang	25b28013dcb34fe49abd
0951fa6208eb4eb78d6e	2025-02-19 14:06:48.78	2025-02-19 14:06:48.78	\N	Kalkulus dasar	25b28013dcb34fe49abd
db8cee6641cc45299ca3	2025-02-19 14:06:48.78	2025-02-19 14:06:48.78	\N	Anggota tubuh	554947e8cd204f0b8b0e
1e2861d7b364426fb752	2025-02-19 14:06:48.78	2025-02-19 14:06:48.78	\N	Nama sayur dan buah	554947e8cd204f0b8b0e
8c60ab83afa84bc7880f	2025-02-19 14:06:48.78	2025-02-19 14:06:48.78	\N	Binatang	554947e8cd204f0b8b0e
09f4cb8d0f2e4f8f9de6	2025-02-19 14:06:48.78	2025-02-19 14:06:48.78	\N	Fungsi anggota tubuh	554947e8cd204f0b8b0e
bafa845a809f471ca9b3	2025-02-19 14:06:48.78	2025-02-19 14:06:48.78	\N	Alam sekitar	554947e8cd204f0b8b0e
b3d96a39013c40da8e03	2025-02-19 14:06:48.78	2025-02-19 14:06:48.78	\N	Mengenal anggota tubuh	20a9bf2737c74241b47b
cdd37bfe102f441a8db4	2025-02-19 14:06:48.78	2025-02-19 14:06:48.78	\N	Nama sayur dan buah	20a9bf2737c74241b47b
ff745b5de8c045019c78	2025-02-19 14:06:48.78	2025-02-19 14:06:48.78	\N	Binatang	20a9bf2737c74241b47b
17880dd7638e426587e4	2025-02-19 14:06:48.78	2025-02-19 14:06:48.78	\N	Fungsi anggota tubuh	20a9bf2737c74241b47b
1e7effbec4f74fc4b383	2025-02-19 14:06:48.78	2025-02-19 14:06:48.78	\N	Kebutuhan tubuh	20a9bf2737c74241b47b
274f9c9dac754935a3f8	2025-02-19 14:06:48.78	2025-02-19 14:06:48.78	\N	Memelihara lingkungan	20a9bf2737c74241b47b
d77518bbf5d24f9c8434	2025-02-19 14:06:48.78	2025-02-19 14:06:48.78	\N	Benda dan sifatnya	20a9bf2737c74241b47b
8d3fe691f9dd4da2b532	2025-02-19 14:06:48.78	2025-02-19 14:06:48.78	\N	Gerak benda	20a9bf2737c74241b47b
cc7f94aaa20e4f8594a5	2025-02-19 14:06:48.78	2025-02-19 14:06:48.78	\N	Tenaga penggerak benda	20a9bf2737c74241b47b
40094f6a942e49e495ae	2025-02-19 14:06:48.78	2025-02-19 14:06:48.78	\N	Benda langit	20a9bf2737c74241b47b
a56ff4c6978345f789d4	2025-02-19 14:06:48.78	2025-02-19 14:06:48.78	\N	Bagian-bagian tumbuhan dan fungsinya	b5ea33ad1cf54a8f82f6
bc67cd766f604d87ae4c	2025-02-19 14:06:48.78	2025-02-19 14:06:48.78	\N	Bagian-bagian tubuh binatang dan fungsinya	b5ea33ad1cf54a8f82f6
83e6925b3510483d87a4	2025-02-19 14:06:48.78	2025-02-19 14:06:48.78	\N	Makhluk hidup dan proses kehidupan	b5ea33ad1cf54a8f82f6
cf0e7fd07f63467db047	2025-02-19 14:06:48.78	2025-02-19 14:06:48.78	\N	Pertumbuhan hewan dan tumbuhan	b5ea33ad1cf54a8f82f6
8767b703df024aad9a32	2025-02-19 14:06:48.78	2025-02-19 14:06:48.78	\N	Tempat hidup makhluk hidup	b5ea33ad1cf54a8f82f6
bbb87b14d1644afdb8cd	2025-02-19 14:06:48.78	2025-02-19 14:06:48.78	\N	Adaptasi makhluk hidup	b5ea33ad1cf54a8f82f6
9bd92c3aa98a4b018dd2	2025-02-19 14:06:48.78	2025-02-19 14:06:48.78	\N	Benda dan sifatnya	b5ea33ad1cf54a8f82f6
8d031a466c5847f3a6a9	2025-02-19 14:06:48.78	2025-02-19 14:06:48.78	\N	Perubahan wujud benda	b5ea33ad1cf54a8f82f6
96a517650e844054a73f	2025-02-19 14:06:48.78	2025-02-19 14:06:48.78	\N	Sumber energi	b5ea33ad1cf54a8f82f6
df5126f84c8c4e6c83b4	2025-02-19 14:06:48.78	2025-02-19 14:06:48.78	\N	Sifat-sifat benda gas, benda padat dan benda cair	b5ea33ad1cf54a8f82f6
a0ea398b1d7740219548	2025-02-19 14:06:48.78	2025-02-19 14:06:48.78	\N	Alam sekitar	b5ea33ad1cf54a8f82f6
e0cff9138aa047bd8ec7	2025-02-19 14:06:48.78	2025-02-19 14:06:48.78	\N	Ciri-ciri kehidupan makhluk hidup	b5ea33ad1cf54a8f82f6
0447189e89e641cf9fd3	2025-02-19 14:06:48.78	2025-02-19 14:06:48.78	\N	Ciri-ciri makhluk hidup	9ece83f1a42d4f0d912e
66250ca4095340be8663	2025-02-19 14:06:48.78	2025-02-19 14:06:48.78	\N	Perubahan pada makhluk hidup	9ece83f1a42d4f0d912e
23149f1a14f84a638161	2025-02-19 14:06:48.78	2025-02-19 14:06:48.78	\N	Populasi, komunitas dan ekosistem	9ece83f1a42d4f0d912e
da08aac965384bce8411	2025-02-19 14:06:48.78	2025-02-19 14:06:48.78	\N	Benda dan kegunaannya	9ece83f1a42d4f0d912e
109d07ca12eb4210a48b	2025-02-19 14:06:48.78	2025-02-19 14:06:48.78	\N	Pengaruh energi dalam kehidupan	9ece83f1a42d4f0d912e
dff1b1b49ad84ffd83d7	2025-02-19 14:06:48.78	2025-02-19 14:06:48.78	\N	Kenampakan permukaan bumi	9ece83f1a42d4f0d912e
01fa7d62b9dc470898e7	2025-02-19 14:06:48.78	2025-02-19 14:06:48.78	\N	Pelestarian sumber daya alam	9ece83f1a42d4f0d912e
9e54a7e598fa42848bae	2025-02-19 14:06:48.78	2025-02-19 14:06:48.78	\N	Kenampakan permukaan bumi	b582bb8622ba4a4fbbb0
97cb04a94e304e07a79b	2025-02-19 14:06:48.78	2025-02-19 14:06:48.78	\N	Wujud zat dan perubahannya	b582bb8622ba4a4fbbb0
5fc07a5fdb6940308819	2025-02-19 14:06:48.78	2025-02-19 14:06:48.78	\N	Mengubah bentuk energi	b582bb8622ba4a4fbbb0
5c3e9348c3ae4c188aa6	2025-02-19 14:06:48.78	2025-02-19 14:06:48.78	\N	Siklus pada makhluk hidup	b582bb8622ba4a4fbbb0
b7f8921f55c4426aae6b	2025-02-19 14:06:48.78	2025-02-19 14:06:48.78	\N	Perkembangbiakan tumbuhan	b582bb8622ba4a4fbbb0
b86672f444ed4d59a014	2025-02-19 14:06:48.78	2025-02-19 14:06:48.78	\N	Gaya	b582bb8622ba4a4fbbb0
2aec859c442f477880a1	2025-02-19 14:06:48.78	2025-02-19 14:06:48.78	\N	Energi panad dan energi bunyi	b582bb8622ba4a4fbbb0
611509ae84f640df9294	2025-02-19 14:06:48.78	2025-02-19 14:06:48.78	\N	Magnet dan listrik	9fde761d67e440089f74
049d83746224412b9613	2025-02-19 14:06:48.78	2025-02-19 14:06:48.78	\N	Organ tubuh manusia dan hewan	9fde761d67e440089f74
06b28c36673c477da507	2025-02-19 14:06:48.78	2025-02-19 14:06:48.78	\N	Alat pernapasan makhluk hidup	9fde761d67e440089f74
9b05b49185bf47e8bc6e	2025-02-19 14:06:48.78	2025-02-19 14:06:48.78	\N	Gaya dan pesawat sederhana	9fde761d67e440089f74
f6531ccb88354bc3b260	2025-02-19 14:06:48.78	2025-02-19 14:06:48.78	\N	Bumi dan alam semesta	9fde761d67e440089f74
44e2c9b019514b14823f	2025-02-19 14:06:48.78	2025-02-19 14:06:48.78	\N	Benda tunggal dan campuran	9fde761d67e440089f74
883bb14a18674ba0ac72	2025-02-19 14:06:48.78	2025-02-19 14:06:48.78	\N	Tumbuhan hijau	9fde761d67e440089f74
7337b314a8b34addb692	2025-02-19 14:06:48.78	2025-02-19 14:06:48.78	\N	Penyesuaian diri makhluk hidup	9fde761d67e440089f74
b90d612365624ea38515	2025-02-19 14:06:48.78	2025-02-19 14:06:48.78	\N	Ciri khusus makhluk hidup dan lingkungan hidupnya	1607a278c49540b8823c
a78d74dcd07e4acfa62c	2025-02-19 14:06:48.78	2025-02-19 14:06:48.78	\N	Perkembangbiakan makhluk hidup	1607a278c49540b8823c
45f28a12eee94104bab7	2025-02-19 14:06:48.78	2025-02-19 14:06:48.78	\N	Keseimbangan ekosistem	1607a278c49540b8823c
6ac2bb69a3fc490d8b4f	2025-02-19 14:06:48.78	2025-02-19 14:06:48.78	\N	Pelestarian hewan dan tumbuhan	1607a278c49540b8823c
1f1ed0626ef94c9b8f6f	2025-02-19 14:06:48.78	2025-02-19 14:06:48.78	\N	Konduktor dan isolator	1607a278c49540b8823c
8ab7105dfdb143d2aece	2025-02-19 14:06:48.78	2025-02-19 14:06:48.78	\N	Perubahan benda	1607a278c49540b8823c
699abca9f2a14dcabb97	2025-02-19 14:06:48.78	2025-02-19 14:06:48.78	\N	Tekanan	1607a278c49540b8823c
f30f0695c00f46938698	2025-02-19 14:06:48.78	2025-02-19 14:06:48.78	\N	Gravitasi	1607a278c49540b8823c
ea75f37035814477ad30	2025-02-19 14:06:48.78	2025-02-19 14:06:48.78	\N	Suhu dan kalor	1607a278c49540b8823c
4d5d3844ff974b478289	2025-02-19 14:06:48.78	2025-02-19 14:06:48.78	\N	Gaya dan gerak, dan perpindahan energi	1607a278c49540b8823c
8714424b718c4e40a1e6	2025-02-19 14:06:48.78	2025-02-19 14:06:48.78	\N	Energi listrik	1607a278c49540b8823c
8d83b5dd60c84a4cbd74	2025-02-19 14:06:48.78	2025-02-19 14:06:48.78	\N	Sistem tata surya	1607a278c49540b8823c
ddd46520b2c74ef3a93e	2025-02-19 14:06:48.78	2025-02-19 14:06:48.78	\N	Rotasi dan revolusi bumi	1607a278c49540b8823c
ad8e920f8fd94d95b326	2025-02-19 14:06:48.78	2025-02-19 14:06:48.78	\N	Hakikat ilmu sains dan metode ilmiah	36170fb74f4b49b69968
8ce7ad373fd84879b28c	2025-02-19 14:06:48.78	2025-02-19 14:06:48.78	\N	Besaran, satuan dan pengukuran	36170fb74f4b49b69968
3ed46967362a4309ac11	2025-02-19 14:06:48.78	2025-02-19 14:06:48.78	\N	Zat dan wujudnya	36170fb74f4b49b69968
9c3c7a1cd0fa4043b1f1	2025-02-19 14:06:48.78	2025-02-19 14:06:48.78	\N	Suhu, kalor, dan pemuaian	36170fb74f4b49b69968
004c44937b404a3a896f	2025-02-19 14:06:48.78	2025-02-19 14:06:48.78	\N	Atom, unsur, molekul dan senyawa	36170fb74f4b49b69968
8b9d474de3ab4a739f06	2025-02-19 14:06:48.78	2025-02-19 14:06:48.78	\N	Larutan, campuran, asam, basa dan garam	36170fb74f4b49b69968
07323f92f7904992832c	2025-02-19 14:06:48.78	2025-02-19 14:06:48.78	\N	Zat aditid dan adiktif / psikotropika	36170fb74f4b49b69968
2838c4b51d1a47a5af8d	2025-02-19 14:06:48.78	2025-02-19 14:06:48.78	\N	Keanekaragaman dan pengelompokan makhluk hidup	36170fb74f4b49b69968
7e756c6778b84193b72d	2025-02-19 14:06:48.78	2025-02-19 14:06:48.78	\N	Sumber energi	36170fb74f4b49b69968
a6ca635a0118493a8b70	2025-02-19 14:06:48.78	2025-02-19 14:06:48.78	\N	Gerak dan gaya	36170fb74f4b49b69968
bb6885fd5bd14211b218	2025-02-19 14:06:48.78	2025-02-19 14:06:48.78	\N	Konsep usaha dan energi	36170fb74f4b49b69968
b6a78beeb4f144b484ed	2025-02-19 14:06:48.78	2025-02-19 14:06:48.78	\N	Pengenalan pesawat sederhana	36170fb74f4b49b69968
98e6b0e1a5ed4f17b111	2025-02-19 14:06:48.78	2025-02-19 14:06:48.78	\N	Bumi dan tata surya	36170fb74f4b49b69968
8f92d7001624401cb811	2025-02-19 14:06:48.78	2025-02-19 14:06:48.78	\N	Pengenalan sel	f31d7bf237ab407cbaea
e3ebe1ddfb1c4b86b782	2025-02-19 14:06:48.78	2025-02-19 14:06:48.78	\N	Struktur dan fungsi tubuh makhluk hidup	f31d7bf237ab407cbaea
4c8c0338a2d8453ab5c8	2025-02-19 14:06:48.78	2025-02-19 14:06:48.78	\N	Ekologi dan evolusi	f31d7bf237ab407cbaea
6039a3e3f6344ab5aca3	2025-02-19 14:06:48.78	2025-02-19 14:06:48.78	\N	Interaksi faktor biotik dan abiotik	f31d7bf237ab407cbaea
80e0e5ece8884e159f6d	2025-02-19 14:06:48.78	2025-02-19 14:06:48.78	\N	Usaha, energi, dan pesawat sederhana	f31d7bf237ab407cbaea
9f31095fc09e446cb6a9	2025-02-19 14:06:48.78	2025-02-19 14:06:48.78	\N	Getaran, gelombang dan cahaya	f31d7bf237ab407cbaea
b9f1f06dcab74b7fbebb	2025-02-19 14:06:48.78	2025-02-19 14:06:48.78	\N	Hukum newton	f31d7bf237ab407cbaea
65d4b12414794105b596	2025-02-19 14:06:48.78	2025-02-19 14:06:48.78	\N	Konsep momentum dan impuls	f31d7bf237ab407cbaea
4751ac4c20fd4b3fbe74	2025-02-19 14:06:48.78	2025-02-19 14:06:48.78	\N	Unsur, senyawa, dan campuran	f31d7bf237ab407cbaea
203043849d7d48afb6be	2025-02-19 14:06:48.78	2025-02-19 14:06:48.78	\N	Struktur bumi dan perkembangannya	f31d7bf237ab407cbaea
24a73d8219e644e1abef	2025-02-19 14:06:48.78	2025-02-19 14:06:48.78	\N	Pertumbuhan dan perkembangan makhluk hidup	c17b0c33322840fc8e60
b10d900f90dd467fbfe9	2025-02-19 14:06:48.78	2025-02-19 14:06:48.78	\N	Sistem koordinasi, reproduksi, dan komeostasis manusia	c17b0c33322840fc8e60
f824dff929434988a9d9	2025-02-19 14:06:48.78	2025-02-19 14:06:48.78	\N	Tekanan	c17b0c33322840fc8e60
694c81a58e524635989e	2025-02-19 14:06:48.78	2025-02-19 14:06:48.78	\N	Listrik, magnet, dan sumber energi alternatif	c17b0c33322840fc8e60
b52277dd9e854631a623	2025-02-19 14:06:48.78	2025-02-19 14:06:48.78	\N	Reaksi-reaksi kimia dan dinamikanya	c17b0c33322840fc8e60
72b7686f0d094261bc6f	2025-02-19 14:06:48.78	2025-02-19 14:06:48.78	\N	Konsep momentum dan impuls	c17b0c33322840fc8e60
9c26f6390fc84ae28bce	2025-02-19 14:06:48.78	2025-02-19 14:06:48.78	\N	Hukum kekekalan energi mekanik	c17b0c33322840fc8e60
d5f6045faf7f4cd5b7ee	2025-02-19 14:06:48.78	2025-02-19 14:06:48.78	\N	Pewarisan sifat dan bioteknologi	c17b0c33322840fc8e60
ee89a61c419f439d945e	2025-02-19 14:06:48.78	2025-02-19 14:06:48.78	\N	Prinsip dasar persilangan hukum mendel	c17b0c33322840fc8e60
965a4b5246bd44169001	2025-02-19 14:06:48.78	2025-02-19 14:06:48.78	\N	Fluida dan tekanan hidrostatis	c17b0c33322840fc8e60
c6a9b466d92b4bcd80c9	2025-02-19 14:06:48.78	2025-02-19 14:06:48.78	\N	Diri sendiri dan keluarga	b68f74bce8c44b07b8f9
24d626582a31478da809	2025-02-19 14:06:48.78	2025-02-19 14:06:48.78	\N	Lingkungan sekitar	b68f74bce8c44b07b8f9
0cbc2713ca6248f8b91c	2025-02-19 14:06:48.78	2025-02-19 14:06:48.78	\N	Profesi di sekitar kita	b68f74bce8c44b07b8f9
c9d3aaf823424bfcb7c6	2025-02-19 14:06:48.78	2025-02-19 14:06:48.78	\N	Norma dan aturan sosial	b68f74bce8c44b07b8f9
e8c09b1ee57b49899dd5	2025-02-19 14:06:48.78	2025-02-19 14:06:48.78	\N	Transportasi dan keselamatan	b68f74bce8c44b07b8f9
dfd10453bcf84c1fa663	2025-02-19 14:06:48.78	2025-02-19 14:06:48.78	\N	Simbol dan identitas nasional	b68f74bce8c44b07b8f9
c2d4bb4c867543268878	2025-02-19 14:06:48.78	2025-02-19 14:06:48.78	\N	Hidup rukun dan kerjasama	b68f74bce8c44b07b8f9
21c20b57f75644598ca1	2025-02-19 14:06:48.78	2025-02-19 14:06:48.78	\N	Diri sendiri dan lingkungan sekitar	6a040937b99844059bb7
9e75960bdd4f487fb757	2025-02-19 14:06:48.78	2025-02-19 14:06:48.78	\N	Kehidupan keluarga dan sekolah	6a040937b99844059bb7
402b550d891a427bbc90	2025-02-19 14:06:48.78	2025-02-19 14:06:48.78	\N	Profesi dan pekerjaan	6a040937b99844059bb7
9edd01804809445fbea7	2025-02-19 14:06:48.78	2025-02-19 14:06:48.78	\N	Lingkungan alam dan buatan	6a040937b99844059bb7
2b72d11d75c0423b83cd	2025-02-19 14:06:48.78	2025-02-19 14:06:48.78	\N	Hidup rukun dalam masyarakat	6a040937b99844059bb7
cb2b094942ed40758f25	2025-02-19 14:06:48.78	2025-02-19 14:06:48.78	\N	Transportasi dan keselamatan	6a040937b99844059bb7
4dbe81e613e549f6aae1	2025-02-19 14:06:48.78	2025-02-19 14:06:48.78	\N	Pengenalan waktu dan sejarah sederhana	6a040937b99844059bb7
4522429b8cf843148fbe	2025-02-19 14:06:48.78	2025-02-19 14:06:48.78	\N	Identitas diri dan keluarga	7f0c8d9ed5c2493690b2
493cae9216e24e70a33d	2025-02-19 14:06:48.78	2025-02-19 14:06:48.78	\N	Kehidupan sosial di sekolah dan masyarakat	7f0c8d9ed5c2493690b2
58306a1d285c44318a5d	2025-02-19 14:06:48.78	2025-02-19 14:06:48.78	\N	Keberagaman budaya di Indonesia	7f0c8d9ed5c2493690b2
6b3bdbe0d6e4496aba76	2025-02-19 14:06:48.78	2025-02-19 14:06:48.78	\N	Lingkungan alam dan buatan	7f0c8d9ed5c2493690b2
32458446048d48ca8da4	2025-02-19 14:06:48.78	2025-02-19 14:06:48.78	\N	Pekerjaan dan kehidupan ekonomi	7f0c8d9ed5c2493690b2
6b5b0e8efe70408ab1ce	2025-02-19 14:06:48.78	2025-02-19 14:06:48.78	\N	Transportasi dan teknologi komunikasi	7f0c8d9ed5c2493690b2
e7deece0954049c6bcb6	2025-02-19 14:06:48.78	2025-02-19 14:06:48.78	\N	Waktu dan peristiwa sejarah	7f0c8d9ed5c2493690b2
b921140d6bc6497c8e72	2025-02-19 14:06:48.78	2025-02-19 14:06:48.78	\N	Kegiatan ekonomi dan pekerjaan	1b147477f3f846d7aea4
f9b2f38a798a495e9848	2025-02-19 14:06:48.78	2025-02-19 14:06:48.78	\N	Keberagaman sosial dan budaya	1b147477f3f846d7aea4
beeef96844dd4811be68	2025-02-19 14:06:48.78	2025-02-19 14:06:48.78	\N	Peta dan arah mata angin	1b147477f3f846d7aea4
883506df7ac7400cbea9	2025-02-19 14:06:48.78	2025-02-19 14:06:48.78	\N	Lingkungan alam dan buatan	1b147477f3f846d7aea4
56f059d004c04106b37b	2025-02-19 14:06:48.78	2025-02-19 14:06:48.78	\N	Sejarah dan peninggalan bersejarah	1b147477f3f846d7aea4
8016848e96c843de9342	2025-02-19 14:06:48.78	2025-02-19 14:06:48.78	\N	Sistem pemerintahan dan kepemimpinan	1b147477f3f846d7aea4
92ce790882b94152b551	2025-02-19 14:06:48.78	2025-02-19 14:06:48.78	\N	Peninggalan sejarah dan kerajaan di Indonesia	8c991c31581c4a77b294
81a094aafad24ffa9f20	2025-02-19 14:06:48.78	2025-02-19 14:06:48.78	\N	PErjuangan tokoh nasional dalam memeprtahankan kemerdekaan	8c991c31581c4a77b294
320ba13368db4bf48a4a	2025-02-19 14:06:48.78	2025-02-19 14:06:48.78	\N	Kondisi geografis dan pengaruhnya terhadap kehidupan sosial ekonomi	8c991c31581c4a77b294
c742cd858cd340358a4e	2025-02-19 14:06:48.78	2025-02-19 14:06:48.78	\N	Sistem pemerintahan Indonesia	8c991c31581c4a77b294
8ca2306e8d0543588e0e	2025-02-19 14:06:48.78	2025-02-19 14:06:48.78	\N	Globalisasi dan dampaknya terhadap kehidupan sosial budaya	8c991c31581c4a77b294
da543d75fd5d4d58aa2d	2025-02-19 14:06:48.78	2025-02-19 14:06:48.78	\N	Sumber daya alam dan pemanfaatannya	8c991c31581c4a77b294
579fb6fae1794630b214	2025-02-19 14:06:48.78	2025-02-19 14:06:48.78	\N	Konsepp produksi, distribusi, dan konsumsi	8c991c31581c4a77b294
813466acc8b942dda00c	2025-02-19 14:06:48.78	2025-02-19 14:06:48.78	\N	Kehidupan sosial, budaya, dan ekonomi pada masa pra-aksara, hindu-budha, dan islam di Indonesia	4623c943020341dd8faf
5b4d953d6c4e4824a7d7	2025-02-19 14:06:48.78	2025-02-19 14:06:48.78	\N	Perkembangan teknologi dari masa ke masa	4623c943020341dd8faf
4f9e1463e1ad408f9b6b	2025-02-19 14:06:48.78	2025-02-19 14:06:48.78	\N	Perjuangan melawan penjajahan dan pergerakan nasional Indonesia	4623c943020341dd8faf
e92332a8ada44a6aadb5	2025-02-19 14:06:48.78	2025-02-19 14:06:48.78	\N	ASEAN dan kerja sama internasional	4623c943020341dd8faf
dbe1f6e44b68442fb07d	2025-02-19 14:06:48.78	2025-02-19 14:06:48.78	\N	Pemerintahan pusat dan daerah	4623c943020341dd8faf
88ed656f559046508883	2025-02-19 14:06:48.78	2025-02-19 14:06:48.78	\N	Kondisi geografi Indonesia	c9ad7957ad8f4c37a836
05efce280c5f4415a9b5	2025-02-19 14:06:48.78	2025-02-19 14:06:48.78	\N	Sosialisasi dalam masyarakat	c9ad7957ad8f4c37a836
7ecbfbc1a1dd4cafb73d	2025-02-19 14:06:48.78	2025-02-19 14:06:48.78	\N	Interaksi antar ruang di negara-negara dunia	c9ad7957ad8f4c37a836
d717b55e6ee54ae39b87	2025-02-19 14:06:48.78	2025-02-19 14:06:48.78	\N	Perubahan kekruangan dan interaksi antar ruang negara-negara asia dan benua lainnya	c9ad7957ad8f4c37a836
21a1cac9ee044d7ab9c7	2025-02-19 14:06:48.78	2025-02-19 14:06:48.78	\N	Kelembagaan sosial	c9ad7957ad8f4c37a836
b89b849760ed4dc3a0b0	2025-02-19 14:06:48.78	2025-02-19 14:06:48.78	\N	Penyimpanan sosial	c9ad7957ad8f4c37a836
9a70b199dbd94e6e8809	2025-02-19 14:06:48.78	2025-02-19 14:06:48.78	\N	Nilai dan norma sosial	c9ad7957ad8f4c37a836
0f0e209a5b0b4d8a8055	2025-02-19 14:06:48.78	2025-02-19 14:06:48.78	\N	Pemenuhan kebutuhan manusia	c9ad7957ad8f4c37a836
ca3eff436ff94fa9be80	2025-02-19 14:06:48.78	2025-02-19 14:06:48.78	\N	Pelaku kegiatan ekonomi	c9ad7957ad8f4c37a836
71f2d3567e92454e818f	2025-02-19 14:06:48.78	2025-02-19 14:06:48.78	\N	Melestarikan sumber daya udara, air, dan tanah	c9ad7957ad8f4c37a836
5473ce099eab45de835a	2025-02-19 14:06:48.78	2025-02-19 14:06:48.78	\N	Perubahan iklim	c9ad7957ad8f4c37a836
2ecbbc7ee0b34110881c	2025-02-19 14:06:48.78	2025-02-19 14:06:48.78	\N	Zaman prasejarah	c9ad7957ad8f4c37a836
9aa96a8eaf974b8eaed9	2025-02-19 14:06:48.78	2025-02-19 14:06:48.78	\N	Pembangunan berkelanjutan dan kelangkaan	c9ad7957ad8f4c37a836
1671998666914a75b591	2025-02-19 14:06:48.78	2025-02-19 14:06:48.78	\N	Konsep permintaan, penawaran, dan elastisitas	c9ad7957ad8f4c37a836
54a13c0a51e74b89b39e	2025-02-19 14:06:48.78	2025-02-19 14:06:48.78	\N	Status, peran sosial, diferensiasi, dan stratifikasi social	c9ad7957ad8f4c37a836
ea156b6f7dae424ebc10	2025-02-19 14:06:48.78	2025-02-19 14:06:48.78	\N	Pemberdayaan masyarakat	c9ad7957ad8f4c37a836
16737d9e3c9a48adb700	2025-02-19 14:06:48.78	2025-02-19 14:06:48.78	\N	Kelembagaan sosial	e546d34f5541435891b1
1d99b9ff49a747b39b30	2025-02-19 14:06:48.78	2025-02-19 14:06:48.78	\N	Dinamika interaksi sosial dalam pembangunan di Indonesia	e546d34f5541435891b1
924f9e582185420eab43	2025-02-19 14:06:48.78	2025-02-19 14:06:48.78	\N	Pluralitas dalam masyarakat	e546d34f5541435891b1
ce2ac541355a40919d1c	2025-02-19 14:06:48.78	2025-02-19 14:06:48.78	\N	Kondisi geografis dan interaksi dengan bangsa asing	e546d34f5541435891b1
5b4b57b4ff1d4048b23e	2025-02-19 14:06:48.78	2025-02-19 14:06:48.78	\N	Kemajemukan masyakarat Indonesia	e546d34f5541435891b1
65c984dd0be94fdfa64a	2025-02-19 14:06:48.78	2025-02-19 14:06:48.78	\N	Konflik dan integrasi	e546d34f5541435891b1
3f4258f60c1c4dc2afad	2025-02-19 14:06:48.78	2025-02-19 14:06:48.78	\N	Pelaku kegiatan ekonomi	e546d34f5541435891b1
6b45b4e14ac641efa5a9	2025-02-19 14:06:48.78	2025-02-19 14:06:48.78	\N	Mobilitas sosial	e546d34f5541435891b1
3454a4bae5604295bbbb	2025-02-19 14:06:48.78	2025-02-19 14:06:48.78	\N	Perubahan dan kesinambungan masyarakat nusantara	e546d34f5541435891b1
aa43570009e2489b910d	2025-02-19 14:06:48.78	2025-02-19 14:06:48.78	\N	Interaksi budaya pada masa kerajaan islam	e546d34f5541435891b1
bebe68c164dd48968006	2025-02-19 14:06:48.78	2025-02-19 14:06:48.78	\N	Perkembangan agama hindu-budha-islam di Indonesia	e546d34f5541435891b1
567499007c834be39e9c	2025-02-19 14:06:48.78	2025-02-19 14:06:48.78	\N	Revolusi dunia	e546d34f5541435891b1
90578b31afe04ca3ae61	2025-02-19 14:06:48.78	2025-02-19 14:06:48.78	\N	Kolonialisme, imperialisme, dan pergerakan nasional	e546d34f5541435891b1
efeadd0c0f6b462e9e21	2025-02-19 14:06:48.78	2025-02-19 14:06:48.78	\N	Masa kemerdekaan-reformasi	e546d34f5541435891b1
18a0f74da3414768a6ab	2025-02-19 14:06:48.78	2025-02-19 14:06:48.78	\N	Kondisi perekonomian pada masa kemerdekaan	e546d34f5541435891b1
df59c2fff6924cacb469	2025-02-19 14:06:48.78	2025-02-19 14:06:48.78	\N	Perdagangan internasional	e546d34f5541435891b1
441256b09cc249c2a8d4	2025-02-19 14:06:48.78	2025-02-19 14:06:48.78	\N	Dinamika penduduk	e546d34f5541435891b1
9e54bde93ea54f65a1f1	2025-02-19 14:06:48.78	2025-02-19 14:06:48.78	\N	Peta dan penginderaan jauh	e546d34f5541435891b1
c74bdcaa47ed430dbb4a	2025-02-19 14:06:48.78	2025-02-19 14:06:48.78	\N	Antroposfer, hidosfer, listosfer dan atmosfer	e546d34f5541435891b1
b6228202b3224d09bd2b	2025-02-19 14:06:48.78	2025-02-19 14:06:48.78	\N	Pembangunan ekonomi	e546d34f5541435891b1
ce38dad5d7e24e7b98da	2025-02-19 14:06:48.78	2025-02-19 14:06:48.78	\N	Kondisi geografis Indonesia dan pelestarian sumber daya alam	07adf2a03a6d4764bebc
7e80e69406cd45cf8148	2025-02-19 14:06:48.78	2025-02-19 14:06:48.78	\N	Interaksi antar ruang di negara-negara dunia	07adf2a03a6d4764bebc
780632226ebc42ec9b44	2025-02-19 14:06:48.78	2025-02-19 14:06:48.78	\N	Kelembagaan sosial	07adf2a03a6d4764bebc
65be7a79585c429e97f2	2025-02-19 14:06:48.78	2025-02-19 14:06:48.78	\N	Perubahan sosial	07adf2a03a6d4764bebc
e2600764ce6e4f2b93fd	2025-02-19 14:06:48.78	2025-02-19 14:06:48.78	\N	Modernisasi	07adf2a03a6d4764bebc
b88a2c07a8394326be6e	2025-02-19 14:06:48.78	2025-02-19 14:06:48.78	\N	Globalisasi	07adf2a03a6d4764bebc
b3ac213bec2040d38c0f	2025-02-19 14:06:48.78	2025-02-19 14:06:48.78	\N	Kearifan lokal	07adf2a03a6d4764bebc
6efb736b99ec48e2a725	2025-02-19 14:06:48.78	2025-02-19 14:06:48.78	\N	Penyimpangan sosial	07adf2a03a6d4764bebc
289e6463f8b34ef5aafa	2025-02-19 14:06:48.78	2025-02-19 14:06:48.78	\N	Mobilitas sosial	07adf2a03a6d4764bebc
ca0e7320ade34edaa3ed	2025-02-19 14:06:48.78	2025-02-19 14:06:48.78	\N	Tantangan pembangunan Indonesia	07adf2a03a6d4764bebc
553163bcc3c74446a5d2	2025-02-19 14:06:48.78	2025-02-19 14:06:48.78	\N	Pendapatan nasional	07adf2a03a6d4764bebc
d241ba4c667343bc852c	2025-02-19 14:06:48.78	2025-02-19 14:06:48.78	\N	Pemenuhan kebutuhan manusia	07adf2a03a6d4764bebc
e9e9f32200a14c0883df	2025-02-19 14:06:48.78	2025-02-19 14:06:48.78	\N	Perkembangan ekonomi digital	07adf2a03a6d4764bebc
0f92e1eb3c56497093b5	2025-02-19 14:06:48.78	2025-02-19 14:06:48.78	\N	Kegiatan perekonomian secara keseluruhan	07adf2a03a6d4764bebc
57810722cdc84a228330	2025-02-19 14:06:48.78	2025-02-19 14:06:48.78	\N	Badan usaha dan ketenagakerjaan	07adf2a03a6d4764bebc
8ccaa24f96fd49b4b061	2025-02-19 14:06:48.78	2025-02-19 14:06:48.78	\N	Pajak dan kebijakan fiksal	07adf2a03a6d4764bebc
8be1a92a31974e33ac48	2025-02-19 14:06:48.78	2025-02-19 14:06:48.78	\N	Uang, bank, inflasi dan kebijakan moneter	07adf2a03a6d4764bebc
1e48a4e358964461b0de	2025-02-19 14:06:48.78	2025-02-19 14:06:48.78	\N	Perubahan dan kesinambungan masyarakat nusantara	07adf2a03a6d4764bebc
d9df5a56b4294bf18407	2025-02-19 14:06:48.78	2025-02-19 14:06:48.78	\N	Perubahan dari masa penjajahan hingga semangat kebangsaan	07adf2a03a6d4764bebc
0c56cc1ece634618833b	2025-02-19 14:06:48.78	2025-02-19 14:06:48.78	\N	Perubahan dan kesinambungan masyarakat nnusantara	07adf2a03a6d4764bebc
bedf94da158c4eaa99f3	2025-02-19 14:06:48.78	2025-02-19 14:06:48.78	\N	Perubahan dari masa penjajahan hingga semangat kebangsaan	07adf2a03a6d4764bebc
b4048bac22be481dbf85	2025-02-19 14:06:48.78	2025-02-19 14:06:48.78	\N	Perubahan dari kemerdekaan hingga awal reformasi	07adf2a03a6d4764bebc
adf80e24f64247c5ab69	2025-02-19 14:06:48.78	2025-02-19 14:06:48.78	\N	Tujuan pembangunan berkelanjutan (Sustainable Development Goals)	07adf2a03a6d4764bebc
c49a23825b754fa593ce	2025-02-19 14:06:48.78	2025-02-19 14:06:48.78	\N	Kerja sama internasional	07adf2a03a6d4764bebc
6d0c401d8a7444c4a9a9	2025-02-19 14:06:48.78	2025-02-19 14:06:48.78	\N	Organisasi internasional	07adf2a03a6d4764bebc
bb8ace3547db483ba08f	2025-02-19 14:06:48.78	2025-02-19 14:06:48.78	\N	Isu isu global	07adf2a03a6d4764bebc
4487b7ee02be48f0a883	2025-02-19 14:06:48.78	2025-02-19 14:06:48.78	\N	Colors	990285a38a9b4f5e938b
fc316f113a3a43abb1f8	2025-02-19 14:06:48.78	2025-02-19 14:06:48.78	\N	Vegetable	990285a38a9b4f5e938b
9556d22790f14799b364	2025-02-19 14:06:48.78	2025-02-19 14:06:48.78	\N	Body parts	990285a38a9b4f5e938b
0e052ef9ed014ca3bbf6	2025-02-19 14:06:48.78	2025-02-19 14:06:48.78	\N	Number 1 - 25	990285a38a9b4f5e938b
27c77386e7624af0868d	2025-02-19 14:06:48.78	2025-02-19 14:06:48.78	\N	Greetings and expressions	990285a38a9b4f5e938b
84f255c493784d7aae87	2025-02-19 14:06:48.78	2025-02-19 14:06:48.78	\N	Self-intoduction	990285a38a9b4f5e938b
b10b52d953c24432923c	2025-02-19 14:06:48.78	2025-02-19 14:06:48.78	\N	Family members	990285a38a9b4f5e938b
9bc432d29851473cb14f	2025-02-19 14:06:48.78	2025-02-19 14:06:48.78	\N	Animals and their sounds	990285a38a9b4f5e938b
150488d49a754bd381a7	2025-02-19 14:06:48.78	2025-02-19 14:06:48.78	\N	Greetings and introductions	ff8f76a885eb41d9a7a0
9a8aaa9a0c8f40e8901b	2025-02-19 14:06:48.78	2025-02-19 14:06:48.78	\N	Numbers and counting	ff8f76a885eb41d9a7a0
4b583faae5f149119632	2025-02-19 14:06:48.78	2025-02-19 14:06:48.78	\N	Color and shapes	ff8f76a885eb41d9a7a0
9f0273dcc16648128628	2025-02-19 14:06:48.78	2025-02-19 14:06:48.78	\N	Spell alphabet	ff8f76a885eb41d9a7a0
713e2808c826427caa44	2025-02-19 14:06:48.78	2025-02-19 14:06:48.78	\N	Family and friends	ff8f76a885eb41d9a7a0
c6b8be46b61a480299ab	2025-02-19 14:06:48.78	2025-02-19 14:06:48.78	\N	Classroom objects	ff8f76a885eb41d9a7a0
7eb75f2e30a543f397f1	2025-02-19 14:06:48.78	2025-02-19 14:06:48.78	\N	Fruits and vegetables	ff8f76a885eb41d9a7a0
85a137943fa0442eb944	2025-02-19 14:06:48.78	2025-02-19 14:06:48.78	\N	Daily activities	ff8f76a885eb41d9a7a0
2d4fef9df1f147869f8f	2025-02-19 14:06:48.78	2025-02-19 14:06:48.78	\N	Things at home	ff8f76a885eb41d9a7a0
b34e2ea4e65249e79e6d	2025-02-19 14:06:48.78	2025-02-19 14:06:48.78	\N	Opposite	ff8f76a885eb41d9a7a0
81149fca42144dd097bd	2025-02-19 14:06:48.78	2025-02-19 14:06:48.78	\N	Hobby	ff8f76a885eb41d9a7a0
3eb9146736294fcbacfe	2025-02-19 14:06:48.78	2025-02-19 14:06:48.78	\N	Greetings and expressions	7662de691c1c44ad96f1
b9f1c3202f264868a07f	2025-02-19 14:06:48.78	2025-02-19 14:06:48.78	\N	Numbers and counting	7662de691c1c44ad96f1
cc2f000ce2fe4c3d8ff5	2025-02-19 14:06:48.78	2025-02-19 14:06:48.78	\N	Self-introduction and personal information	7662de691c1c44ad96f1
67ec4478e8684bf8a82a	2025-02-19 14:06:48.78	2025-02-19 14:06:48.78	\N	Colors and shapes	7662de691c1c44ad96f1
3de1907949c64583af8d	2025-02-19 14:06:48.78	2025-02-19 14:06:48.78	\N	My family and friends	7662de691c1c44ad96f1
306d78f3dc0b45c49d58	2025-02-19 14:06:48.78	2025-02-19 14:06:48.78	\N	Animals	7662de691c1c44ad96f1
2df07606469f4c828070	2025-02-19 14:06:48.78	2025-02-19 14:06:48.78	\N	Fruits and vegetables	7662de691c1c44ad96f1
5bf5f7f96b814228a9db	2025-02-19 14:06:48.78	2025-02-19 14:06:48.78	\N	Weather and seasons	7662de691c1c44ad96f1
c0c0ecd5284e471cae61	2025-02-19 14:06:48.78	2025-02-19 14:06:48.78	\N	Classroom and school objects	7662de691c1c44ad96f1
65a3141cf309407784d0	2025-02-19 14:06:48.78	2025-02-19 14:06:48.78	\N	Daily activities and routines	7662de691c1c44ad96f1
413a46b001e740c1aca6	2025-02-19 14:06:48.78	2025-02-19 14:06:48.78	\N	Actions	7662de691c1c44ad96f1
e31930040d8c44dc8d27	2025-02-19 14:06:48.78	2025-02-19 14:06:48.78	\N	Transportation	7662de691c1c44ad96f1
e1f1df15173641b99b92	2025-02-19 14:06:48.78	2025-02-19 14:06:48.78	\N	Food and drinks	7662de691c1c44ad96f1
54e54d40921d4f668351	2025-02-19 14:06:48.78	2025-02-19 14:06:48.78	\N	Clothes	7662de691c1c44ad96f1
a2ddbbc51bce48819dd1	2025-02-19 14:06:48.78	2025-02-19 14:06:48.78	\N	Greetings and expressions	0237963a6d68490a819d
3f71ff6ddd3748f391e9	2025-02-19 14:06:48.78	2025-02-19 14:06:48.78	\N	Numbers and counting (1-100)	0237963a6d68490a819d
e9015af0db854dc0ac5b	2025-02-19 14:06:48.78	2025-02-19 14:06:48.78	\N	Colors and shapes	0237963a6d68490a819d
2ecfe2cfb5d84f8896bc	2025-02-19 14:06:48.78	2025-02-19 14:06:48.78	\N	Daily activities	0237963a6d68490a819d
c75fd0e24c2b44dc959d	2025-02-19 14:06:48.78	2025-02-19 14:06:48.78	\N	Animals	0237963a6d68490a819d
fd9f958a948f49cd9bba	2025-02-19 14:06:48.78	2025-02-19 14:06:48.78	\N	Like/dislike	0237963a6d68490a819d
f10a0d62815646768b7f	2025-02-19 14:06:48.78	2025-02-19 14:06:48.78	\N	Hobby	0237963a6d68490a819d
bb12554ce191489eae00	2025-02-19 14:06:48.78	2025-02-19 14:06:48.78	\N	Names of rooms at school	0237963a6d68490a819d
a42c2e4315fd40a38101	2025-02-19 14:06:48.78	2025-02-19 14:06:48.78	\N	Actions (kata kerja sederhana)	0237963a6d68490a819d
d0690e08b0a74dd29280	2025-02-19 14:06:48.78	2025-02-19 14:06:48.78	\N	Preposition of place	0237963a6d68490a819d
27e3b8e15c5d453c8546	2025-02-19 14:06:48.78	2025-02-19 14:06:48.78	\N	Basuc adjective	0237963a6d68490a819d
793e1abc7fe54d349692	2025-02-19 14:06:48.78	2025-02-19 14:06:48.78	\N	Number 21-50	0237963a6d68490a819d
3cf631f8405e44848cde	2025-02-19 14:06:48.78	2025-02-19 14:06:48.78	\N	Fruit and vegetable	0237963a6d68490a819d
f0f230fd07e34984a143	2025-02-19 14:06:48.78	2025-02-19 14:06:48.78	\N	Greetings and expressions	0f4ad8a2cbea4980b044
ae38fbdab14d4de7a3b2	2025-02-19 14:06:48.78	2025-02-19 14:06:48.78	\N	Pets	0f4ad8a2cbea4980b044
cb338a74229c4291ba3a	2025-02-19 14:06:48.78	2025-02-19 14:06:48.78	\N	Tame animals	0f4ad8a2cbea4980b044
773ab22e3c99447dbb90	2025-02-19 14:06:48.78	2025-02-19 14:06:48.78	\N	Things at bedroom	0f4ad8a2cbea4980b044
6bc9c31fc109458a9036	2025-02-19 14:06:48.78	2025-02-19 14:06:48.78	\N	Job and occupation	0f4ad8a2cbea4980b044
6f19d37907c34966b58f	2025-02-19 14:06:48.78	2025-02-19 14:06:48.78	\N	Parts of tree	0f4ad8a2cbea4980b044
58321ac1f0e84459add4	2025-02-19 14:06:48.78	2025-02-19 14:06:48.78	\N	Playground	0f4ad8a2cbea4980b044
b365ce7f2e124826bf25	2025-02-19 14:06:48.78	2025-02-19 14:06:48.78	\N	Accessories	0f4ad8a2cbea4980b044
89849f1b41a84eac8554	2025-02-19 14:06:48.78	2025-02-19 14:06:48.78	\N	Flowers	0f4ad8a2cbea4980b044
cf277a1bb12c45429929	2025-02-19 14:06:48.78	2025-02-19 14:06:48.78	\N	Toys and games	0f4ad8a2cbea4980b044
3e1babe43c944222a63e	2025-02-19 14:06:48.78	2025-02-19 14:06:48.78	\N	Library	0f4ad8a2cbea4980b044
b560dff406904e39961a	2025-02-19 14:06:48.78	2025-02-19 14:06:48.78	\N	5W + 1H Questions (Who, What, When, Where, Why, How)	0f4ad8a2cbea4980b044
fa4305420aac484b9f15	2025-02-19 14:06:48.781	2025-02-19 14:06:48.781	\N	Adjective	59ba0368940e4c269b31
b5d082fbaa67488a8568	2025-02-19 14:06:48.781	2025-02-19 14:06:48.781	\N	Articles a/an	59ba0368940e4c269b31
8ec8e7b857b34974ada3	2025-02-19 14:06:48.781	2025-02-19 14:06:48.781	\N	Number and price	59ba0368940e4c269b31
917b6251724d49c4b0a7	2025-02-19 14:06:48.781	2025-02-19 14:06:48.781	\N	Part of body	59ba0368940e4c269b31
2a6ec2476a9244d49e2a	2025-02-19 14:06:48.781	2025-02-19 14:06:48.781	\N	Comparative/degree	59ba0368940e4c269b31
eebdeb62e391480ab22a	2025-02-19 14:06:48.781	2025-02-19 14:06:48.781	\N	Time (Date, Month, event, etc)	59ba0368940e4c269b31
ad0c42d0a94945f9ad58	2025-02-19 14:06:48.781	2025-02-19 14:06:48.781	\N	Superactive	59ba0368940e4c269b31
0e8a556675004fef83b1	2025-02-19 14:06:48.781	2025-02-19 14:06:48.781	\N	Command and request	59ba0368940e4c269b31
99546e33525743eebedd	2025-02-19 14:06:48.781	2025-02-19 14:06:48.781	\N	Park	59ba0368940e4c269b31
1ee1a98bfa654bb58661	2025-02-19 14:06:48.781	2025-02-19 14:06:48.781	\N	Expressing feeling	59ba0368940e4c269b31
3bf77d91d4d34e0196f8	2025-02-19 14:06:48.781	2025-02-19 14:06:48.781	\N	Direction and location	59ba0368940e4c269b31
154e3a78ab7b45ccbd1f	2025-02-19 14:06:48.781	2025-02-19 14:06:48.781	\N	Reading comprehension	59ba0368940e4c269b31
30b46ccbab2b4f55af66	2025-02-19 14:06:48.781	2025-02-19 14:06:48.781	\N	Tourism	470059c8221b46d7bf28
761eea4f59984dd587bb	2025-02-19 14:06:48.781	2025-02-19 14:06:48.781	\N	Expressing feeling	470059c8221b46d7bf28
8959d34ff1714d568caf	2025-02-19 14:06:48.781	2025-02-19 14:06:48.781	\N	Direction and location	470059c8221b46d7bf28
ab1826c30fa642899852	2025-02-19 14:06:48.781	2025-02-19 14:06:48.781	\N	Holiday	470059c8221b46d7bf28
a489bfd3a1944d9e832c	2025-02-19 14:06:48.781	2025-02-19 14:06:48.781	\N	Folktales	470059c8221b46d7bf28
c755fd6f856643d39a0d	2025-02-19 14:06:48.781	2025-02-19 14:06:48.781	\N	Government	470059c8221b46d7bf28
a67a394c973747f891ed	2025-02-19 14:06:48.781	2025-02-19 14:06:48.781	\N	Ownership	470059c8221b46d7bf28
4f294653abe647828d6f	2025-02-19 14:06:48.781	2025-02-19 14:06:48.781	\N	Quantities and amounts	470059c8221b46d7bf28
77d039dc37e14bcaacbd	2025-02-19 14:06:48.781	2025-02-19 14:06:48.781	\N	Describing people and object	470059c8221b46d7bf28
ab5ce9844dfe4a9891c9	2025-02-19 14:06:48.781	2025-02-19 14:06:48.781	\N	Earth and planets	470059c8221b46d7bf28
de4742f152b641cfb7b9	2025-02-19 14:06:48.781	2025-02-19 14:06:48.781	\N	Vocabulary cloze	470059c8221b46d7bf28
6c29bb53952b4ef5b8e4	2025-02-19 14:06:48.781	2025-02-19 14:06:48.781	\N	Reading comprehension	470059c8221b46d7bf28
8d36b3a398904e578fdf	2025-02-19 14:06:48.781	2025-02-19 14:06:48.781	\N	Grammar/structure	470059c8221b46d7bf28
79fab054ec7d4203b265	2025-02-19 14:06:48.781	2025-02-19 14:06:48.781	\N	Parts of speech	907131fac9b7413289b7
4df91e3e835c4fcfbdb6	2025-02-19 14:06:48.781	2025-02-19 14:06:48.781	\N	Expressing feelings and emotions	907131fac9b7413289b7
75efddcf5e374a2796a2	2025-02-19 14:06:48.781	2025-02-19 14:06:48.781	\N	Describing people, animals and things	907131fac9b7413289b7
8d5fc2bdc89c4ff49d1e	2025-02-19 14:06:48.781	2025-02-19 14:06:48.781	\N	Giving and following instructions	907131fac9b7413289b7
c1c093719c484c1aad51	2025-02-19 14:06:48.781	2025-02-19 14:06:48.781	\N	Expressing abilities and permissions	907131fac9b7413289b7
a3aef43d3bdd45dbb111	2025-02-19 14:06:48.781	2025-02-19 14:06:48.781	\N	Hobbies and interests	907131fac9b7413289b7
dd2819bd813a46b19109	2025-02-19 14:06:48.781	2025-02-19 14:06:48.781	\N	Describing places and locations	907131fac9b7413289b7
2c54406d741643488e6c	2025-02-19 14:06:48.781	2025-02-19 14:06:48.781	\N	Shopping and transaction	907131fac9b7413289b7
6beac0fc2e0748cb8342	2025-02-19 14:06:48.781	2025-02-19 14:06:48.781	\N	Tenses	907131fac9b7413289b7
a6028e3db14d44388236	2025-02-19 14:06:48.781	2025-02-19 14:06:48.781	\N	Making and acceptiong invitations	907131fac9b7413289b7
6944ad8225e04354aecd	2025-02-19 14:06:48.781	2025-02-19 14:06:48.781	\N	Expressing preferences and comparisons	907131fac9b7413289b7
f0ff4f3489c945888e28	2025-02-19 14:06:48.781	2025-02-19 14:06:48.781	\N	Writing and reading simple texts	907131fac9b7413289b7
f7bacd2acb8846e2a1ae	2025-02-19 14:06:48.781	2025-02-19 14:06:48.781	\N	Types of texts	907131fac9b7413289b7
5a519e66554b4c5ca32e	2025-02-19 14:06:48.781	2025-02-19 14:06:48.781	\N	Subject-verb agreement	907131fac9b7413289b7
bf2cb7a67f244a639b5f	2025-02-19 14:06:48.781	2025-02-19 14:06:48.781	\N	Noun and noun phrase, verb phrase and auxiliaries	907131fac9b7413289b7
c258ba8a0c5e4867aa16	2025-02-19 14:06:48.781	2025-02-19 14:06:48.781	\N	Expressing opinion and agreement/disagreement	f6bc10251ae64f42b4ec
705970379b344f559572	2025-02-19 14:06:48.781	2025-02-19 14:06:48.781	\N	Expressing abilities, permissions and obligations	f6bc10251ae64f42b4ec
635cbc3bce414465ac70	2025-02-19 14:06:48.781	2025-02-19 14:06:48.781	\N	Describing places and locations	f6bc10251ae64f42b4ec
968636902b2a407fa71d	2025-02-19 14:06:48.781	2025-02-19 14:06:48.781	\N	Speech and dialogue	f6bc10251ae64f42b4ec
a62a47af3c554e1f8864	2025-02-19 14:06:48.781	2025-02-19 14:06:48.781	\N	Past tenses	f6bc10251ae64f42b4ec
25d2e3314a10419f9481	2025-02-19 14:06:48.781	2025-02-19 14:06:48.781	\N	Expressing preferences and comparisons	f6bc10251ae64f42b4ec
c0e9444130a84946ab9e	2025-02-19 14:06:48.781	2025-02-19 14:06:48.781	\N	Writing and reading simple texts	f6bc10251ae64f42b4ec
cc4e53f0c8b243d7bf23	2025-02-19 14:06:48.781	2025-02-19 14:06:48.781	\N	Types of texts	f6bc10251ae64f42b4ec
20b54e15c5f44951b50d	2025-02-19 14:06:48.781	2025-02-19 14:06:48.781	\N	Conjunction	f6bc10251ae64f42b4ec
85ec3bf3f41a4e54869a	2025-02-19 14:06:48.781	2025-02-19 14:06:48.781	\N	Adjective clause	f6bc10251ae64f42b4ec
0085213fd9724e7896de	2025-02-19 14:06:48.781	2025-02-19 14:06:48.781	\N	Parallelism	f6bc10251ae64f42b4ec
e7ab3fcad8ee4c65b99b	2025-02-19 14:06:48.781	2025-02-19 14:06:48.781	\N	Articles	f6bc10251ae64f42b4ec
6d09802259ad48739ef6	2025-02-19 14:06:48.781	2025-02-19 14:06:48.781	\N	Concord	f6bc10251ae64f42b4ec
497d04c78efc4906b6c7	2025-02-19 14:06:48.781	2025-02-19 14:06:48.781	\N	Types od texts	0f78f85794c94ce8aa7b
c016d61956b44cd39a7f	2025-02-19 14:06:48.781	2025-02-19 14:06:48.781	\N	Greetings and social interaction	0f78f85794c94ce8aa7b
681a7fcd39d04e6c9efd	2025-02-19 14:06:48.781	2025-02-19 14:06:48.781	\N	Daily activities and habits	0f78f85794c94ce8aa7b
2858c2c23534413286c2	2025-02-19 14:06:48.781	2025-02-19 14:06:48.781	\N	Conditional sentences	0f78f85794c94ce8aa7b
cfd56a42ace44a3aabec	2025-02-19 14:06:48.781	2025-02-19 14:06:48.781	\N	Reported speech	0f78f85794c94ce8aa7b
fd2ae95a6c57459a93f2	2025-02-19 14:06:48.781	2025-02-19 14:06:48.781	\N	Passive voice	0f78f85794c94ce8aa7b
c523fcbd37a24cbb9625	2025-02-19 14:06:48.781	2025-02-19 14:06:48.781	\N	Modal	0f78f85794c94ce8aa7b
394626cb24f04ad48fa9	2025-02-19 14:06:48.781	2025-02-19 14:06:48.781	\N	Giving suggestions and offers	0f78f85794c94ce8aa7b
d51facae0ecf44168ee4	2025-02-19 14:06:48.781	2025-02-19 14:06:48.781	\N	Expressing agreement and disagreement	0f78f85794c94ce8aa7b
93fd067442ea44418a65	2025-02-19 14:06:48.781	2025-02-19 14:06:48.781	\N	Writing and reaading complex texts	0f78f85794c94ce8aa7b
67b81d72e05345bd9ef5	2025-02-19 14:06:48.781	2025-02-19 14:06:48.781	\N	Preference	0f78f85794c94ce8aa7b
85c5f2f582aa455f937f	2025-02-19 14:06:48.781	2025-02-19 14:06:48.781	\N	Preposition	0f78f85794c94ce8aa7b
0b9249024eee48fe8585	2025-02-19 14:06:48.781	2025-02-19 14:06:48.781	\N	Reading skilss: skim and scan	0f78f85794c94ce8aa7b
aeb66db840ec4ee98506	2025-02-19 14:06:48.781	2025-02-19 14:06:48.781	\N	Gerund and infinitive	0f78f85794c94ce8aa7b
\.


--
-- Data for Name: News; Type: TABLE DATA; Schema: public; Owner: postgres
--

COPY public."News" ("Id", "DateCreate", "DateUpdate", "Title", "Description") FROM stdin;
\.


--
-- Data for Name: Tryout; Type: TABLE DATA; Schema: public; Owner: postgres
--

COPY public."Tryout" ("Id", "DateCreate", "DateUpdate", "Name", "CompetitionId") FROM stdin;
\.


--
-- Data for Name: Question; Type: TABLE DATA; Schema: public; Owner: postgres
--

COPY public."Question" ("Id", "DateCreate", "DateUpdate", "TryoutId", "Content") FROM stdin;
\.


--
-- Data for Name: Option; Type: TABLE DATA; Schema: public; Owner: postgres
--

COPY public."Option" ("Id", "DateCreate", "DateUpdate", "Answer", "IsCorrect", "QuestionId") FROM stdin;
\.


--
-- Data for Name: PaymentStatusHistory; Type: TABLE DATA; Schema: public; Owner: postgres
--

COPY public."PaymentStatusHistory" ("Id", "DateCreate", "DateUpdate", "PaymentId", "Status", "Date") FROM stdin;
5279d46742304abe86d4	2025-02-20 04:11:16.682	2025-02-20 04:11:16.682	76abc61e8cec4acd848f	COMPLETED	1740024676
e16e20677438440fbb7b	2025-02-20 04:12:00.256	2025-02-20 04:12:00.256	61da9531d7fa459287e7	COMPLETED	1740024720
42b85c0784dc4d3e817b	2025-02-21 13:17:34.544	2025-02-21 13:17:34.544	9a25a9257f6241ecb531	COMPLETED	1740143854
51b094bef51440a28357	2025-02-21 13:17:57.612	2025-02-21 13:17:57.612	79e9ca2b3ca64e87b6c7	COMPLETED	1740143877
bf580b7897bf4aa083af	2025-02-24 08:55:46.771	2025-02-24 08:55:46.771	e8bda418eb544e1a8722	COMPLETED	1740387346
20147b0e3ab94815a45f	2025-02-24 08:56:29.931	2025-02-24 08:56:29.931	3ab09a870686431d9cf8	COMPLETED	1740387389
f76299e109a44f69a38d	2025-02-24 08:57:58.1	2025-02-24 08:57:58.1	40dc942428874d079f7d	COMPLETED	1740387478
f9113345aa004baf927c	2025-02-24 09:05:00.889	2025-02-24 09:05:00.889	69d1a74722ca43c58aa0	COMPLETED	1740387900
f20f1ad3d70a400c8030	2025-02-24 09:05:34.247	2025-02-24 09:05:34.247	f80912e42c744c39951e	COMPLETED	1740387934
6eff5c8ff4e747c48360	2025-02-24 09:24:16.511	2025-02-24 09:24:16.511	24506f81a0254313a311	COMPLETED	1740389056
bc61a5f33f144486a209	2025-02-24 09:44:20.014	2025-02-24 09:44:20.014	9ae8b10122b04457a8e8	COMPLETED	1740390260
10598590041b4f7f8f06	2025-02-24 09:48:51.909	2025-02-24 09:48:51.909	da6104b6635c48b0ad94	COMPLETED	1740390531
64098974031c4fcf832b	2025-02-24 09:52:17.388	2025-02-24 09:52:17.388	3940649709574a63a2af	COMPLETED	1740390737
4dedd65e04ef4c60afa4	2025-02-24 09:53:46.164	2025-02-24 09:53:46.164	36e96eddf9b549e4b840	COMPLETED	1740390826
71e9974b77f64340b26a	2025-02-24 09:53:57.658	2025-02-24 09:53:57.658	d9fad080360740b4aaaa	COMPLETED	1740390837
dee9b3006b474283802a	2025-02-24 11:40:22.253	2025-02-24 11:40:22.253	1c66a03eec41471dbc81	COMPLETED	1740397222
a376071d518e4d2da1cf	2025-02-24 11:40:38.069	2025-02-24 11:40:38.069	210d228e6d49427ba15c	COMPLETED	1740397238
e7fdab0681d04235bd5f	2025-02-24 11:47:41.911	2025-02-24 11:47:41.911	21e7d52235154e34af85	COMPLETED	1740397661
a6e3a1e585064033adb3	2025-02-24 11:50:26.524	2025-02-24 11:50:26.524	6d2f8b0d23f2462fa4e3	COMPLETED	1740397826
b3d31b1c277a4fdbbfb1	2025-02-24 11:54:14.056	2025-02-24 11:54:14.056	aaa47724a550465b861a	COMPLETED	1740398054
c4bcea43398c4f49bf35	2025-02-24 12:01:22.136	2025-02-24 12:01:22.136	95477cda29a64af3a3f1	COMPLETED	1740398482
a2ddf406394842f9bfd7	2025-02-24 12:06:46.459	2025-02-24 12:06:46.459	30914c4017fb445c9819	COMPLETED	1740398806
948f83ea7e1f4a448ce7	2025-02-24 12:08:24.221	2025-02-24 12:08:24.221	4ea015e4d48f47e8a757	COMPLETED	1740398904
9794ab449505487d8cfb	2025-02-24 12:10:09.597	2025-02-24 12:10:09.597	303c151a8620462c82a7	COMPLETED	1740399009
e22ed6a7365246658efb	2025-02-24 12:12:28.651	2025-02-24 12:12:28.651	876995c3ea554f64a5be	COMPLETED	1740399148
5b5ee92b3e7d4d3cbcbc	2025-02-24 12:14:59.999	2025-02-24 12:14:59.999	90d914b958f34285a24d	COMPLETED	1740399299
0dd953841672475e9a7a	2025-02-24 12:15:17.67	2025-02-24 12:15:17.67	386b96cb769e4788bfe3	COMPLETED	1740399317
d87ec56140e34a35bb42	2025-02-24 12:17:53.411	2025-02-24 12:17:53.411	abbcb61db3e240a7adbf	COMPLETED	1740399473
a90ccd69750f4466a77d	2025-02-24 12:18:22.159	2025-02-24 12:18:22.159	8e20fcb97ecd4eaf9166	COMPLETED	1740399502
29993ec4f78d4771bff4	2025-02-24 12:20:41.144	2025-02-24 12:20:41.144	09bd65d865724a659466	COMPLETED	1740399641
68ca936d38204c738eff	2025-02-24 12:20:50.71	2025-02-24 12:20:50.71	ff91d860a80e41f6b793	COMPLETED	1740399650
68a1502e51bb41daafc3	2025-02-24 12:22:58.007	2025-02-24 12:22:58.007	94f4be2320c242349283	COMPLETED	1740399778
50629c953e6c419ab516	2025-02-24 12:23:10.666	2025-02-24 12:23:10.666	eac54e9563e74ca6928e	COMPLETED	1740399790
99fcfee51de547bbbde7	2025-02-24 12:23:18.493	2025-02-24 12:23:18.493	17cf79bc7c11479689a8	COMPLETED	1740399798
7512d6eef86e49888234	2025-02-24 12:23:27.458	2025-02-24 12:23:27.458	efe143132bde4003ac6d	COMPLETED	1740399807
22386da94ecc479c8881	2025-02-24 12:26:52.272	2025-02-24 12:26:52.272	d17dddd98f59485ba99c	COMPLETED	1740400012
d342414fd2d147de96ae	2025-02-24 12:29:20.925	2025-02-24 12:29:20.925	f6e60c2b97954301a5dc	COMPLETED	1740400160
4da8f7186da9458f8f84	2025-02-24 12:29:33.119	2025-02-24 12:29:33.119	4410b469b8444bd18649	COMPLETED	1740400173
58a3b963ddfa41a683b7	2025-02-24 12:34:51.434	2025-02-24 12:34:51.434	20080b0a1c01476c872b	COMPLETED	1740400491
057a7ed7cdfa49e88ead	2025-02-24 12:34:57.797	2025-02-24 12:34:57.797	294279a9cb7144338c3e	COMPLETED	1740400497
4dfbf84343334acc8cfc	2025-02-24 22:21:22.994	2025-02-24 22:21:22.994	5838f88a84e247ef8f6a	COMPLETED	1740435682
810eee63bf0b42a78159	2025-02-24 22:23:59.652	2025-02-24 22:23:59.652	03e5299de4e54507b9e2	COMPLETED	1740435839
54e0f67b63d74e98b58f	2025-02-24 22:25:51.135	2025-02-24 22:25:51.135	675987a9a3de44eebef0	COMPLETED	1740435951
8603810a584a44bf891d	2025-02-24 22:27:00.438	2025-02-24 22:27:00.438	1f208f1be0d244bc813d	COMPLETED	1740436020
52b6c750b92d46e19b59	2025-02-24 22:29:28.916	2025-02-24 22:29:28.916	633383e07ab8448eab84	COMPLETED	1740436168
54eb7e8f28bb4d0faba1	2025-02-24 22:32:13.543	2025-02-24 22:32:13.543	49f1721550b146d6b09d	COMPLETED	1740436333
42d95e357de04f0b9e37	2025-02-24 22:32:24.433	2025-02-24 22:32:24.433	5bfadf7b33934db49f52	COMPLETED	1740436344
742f5c05c8ed4de9bc4f	2025-02-24 22:35:00.159	2025-02-24 22:35:00.159	775a53df3ac8448cbe79	COMPLETED	1740436500
b1d4a6de6b0f45e194c4	2025-02-24 22:38:03.241	2025-02-24 22:38:03.241	77188c619baa41948559	COMPLETED	1740436683
bf5b6fb675eb4f6eb853	2025-02-24 22:40:02.3	2025-02-24 22:40:02.3	364fa827f77a4b0c8fd1	COMPLETED	1740436802
97352cac429246178bec	2025-02-24 22:41:18.789	2025-02-24 22:41:18.789	67523715c2fd4222a2ba	COMPLETED	1740436878
b95fec1d9360451a80ac	2025-02-25 00:16:50.839	2025-02-25 00:16:50.839	50a8fdf1b339411e916a	COMPLETED	1740442610
61d55debc4d24859a8da	2025-02-25 00:18:57.614	2025-02-25 00:18:57.614	be6ba0da355d49e9a65b	COMPLETED	1740442737
a4e7e80c6edb4a2e9e59	2025-02-25 00:20:57.49	2025-02-25 00:20:57.49	78de0c53e1864ca08ab7	COMPLETED	1740442857
a0940245f5e040ddb5ca	2025-02-25 00:26:14.9	2025-02-25 00:26:14.9	291fd722c0c242b48911	COMPLETED	1740443174
cc02bb9083164260b02d	2025-02-25 00:30:32.876	2025-02-25 00:30:32.876	6a2e6138d7834d79b99f	COMPLETED	1740443432
286e34fad4cf4be49ab5	2025-02-25 00:33:37.968	2025-02-25 00:33:37.968	8012f6841ea34a5ea1dc	COMPLETED	1740443617
1746ed20682f45dab372	2025-02-25 00:36:00.56	2025-02-25 00:36:00.56	d564f4e0b1a648ccb1a2	COMPLETED	1740443760
0885549652be4e68814d	2025-02-25 00:38:36.413	2025-02-25 00:38:36.413	835181cb38f2494989ac	COMPLETED	1740443916
f331101c23aa45e49713	2025-02-25 00:40:28.139	2025-02-25 00:40:28.139	736a45f763e0443f9856	COMPLETED	1740444028
f552f2eae99c4b37b102	2025-02-25 00:42:50.154	2025-02-25 00:42:50.154	5f16738ea48f429cad31	COMPLETED	1740444170
d25bda10d34c4c48a250	2025-02-25 00:44:41.756	2025-02-25 00:44:41.756	5812edcdc969438faae8	COMPLETED	1740444281
fdcf5b18bc784b0faa3f	2025-02-25 00:46:12.26	2025-02-25 00:46:12.26	22e014b01c534f6ebd42	COMPLETED	1740444372
f899ef09210f44fc902c	2025-02-25 00:49:53.951	2025-02-25 00:49:53.951	ba74a06dca6b41e48f75	COMPLETED	1740444593
470392238c86493ba216	2025-02-25 00:52:05.83	2025-02-25 00:52:05.83	3a8f122f53ec410291c8	COMPLETED	1740444725
7935bb44cbec4c8da8e2	2025-02-25 00:53:28.641	2025-02-25 00:53:28.641	e504904694ac4c6db829	COMPLETED	1740444808
65c76548cda9402d8dc3	2025-02-25 00:55:38.159	2025-02-25 00:55:38.159	ed04af31dda14c5491e6	COMPLETED	1740444938
b038df87a5f845de8c1b	2025-02-25 00:57:10.494	2025-02-25 00:57:10.494	906b504caef942f2bd25	COMPLETED	1740445030
dfbad507463d43658eea	2025-02-25 00:59:02.244	2025-02-25 00:59:02.244	9c6f50416a63421f8d3f	COMPLETED	1740445142
8f6f332749e748b4b2fd	2025-02-25 01:32:01.997	2025-02-25 01:32:01.997	19a7084e716d45dfbedd	COMPLETED	1740447121
58b51785e1d44dbdbb36	2025-02-25 12:35:00.816	2025-02-25 12:35:00.816	ba5cc4d52a874c5c89a9	COMPLETED	1740486900
128b0c9e25d94f3ab09b	2025-02-25 12:50:32.658	2025-02-25 12:50:32.658	89d4a93b04704457857e	COMPLETED	1740487832
9a553372361d46a09dc4	2025-02-25 12:52:07.908	2025-02-25 12:52:07.908	cbfaba17cf254cb3b71c	COMPLETED	1740487927
51e3acf3635543f9a81f	2025-02-25 12:53:42.541	2025-02-25 12:53:42.541	d619446649864dfc8146	COMPLETED	1740488022
46897e95410e4f96a79e	2025-02-25 12:55:00.152	2025-02-25 12:55:00.152	177f2c8eed194d0d90c8	COMPLETED	1740488100
d1b55e60356d44479f37	2025-02-25 12:55:40.427	2025-02-25 12:55:40.427	8dbc02fc1c174b49aef1	COMPLETED	1740488140
c6b2ff9be3984233a6b4	2025-02-25 13:17:17.306	2025-02-25 13:17:17.306	f8a663454e4e4d56a561	COMPLETED	1740489437
2294539a38b74859a92b	2025-02-25 13:42:36.484	2025-02-25 13:42:36.484	1a6a32277d0c4bdaaa20	COMPLETED	1740490956
1613c1eebb634706b986	2025-02-25 13:45:07.682	2025-02-25 13:45:07.682	5d8c86987b5f45f6b76e	COMPLETED	1740491107
2335be43e61c4193888b	2025-02-25 13:49:43.033	2025-02-25 13:49:43.033	cb1514cbc83d44f09c1e	COMPLETED	1740491383
a5bb0720f9e344a8b0d6	2025-02-26 14:26:28.145	2025-02-26 14:26:28.145	44fac4e1e79044ecb911	COMPLETED	1740579988
6654fd73f63d4d2e9fe3	2025-02-26 14:29:11.657	2025-02-26 14:29:11.657	e1a4bffcd9c4446b8c76	COMPLETED	1740580151
5539c6698635461babc3	2025-02-26 14:30:11.619	2025-02-26 14:30:11.619	1df7fa5f156e4d0ebb33	COMPLETED	1740580211
3fa2410223ba48a4a41f	2025-02-26 14:30:37.638	2025-02-26 14:30:37.638	be5693d59bda4ea4bb7d	COMPLETED	1740580237
fcce36bbc928419d86ce	2025-02-26 14:37:45.379	2025-02-26 14:37:45.379	121d6519a7264cb6b705	COMPLETED	1740580665
618889e09b714b949dda	2025-02-26 14:43:14.45	2025-02-26 14:43:14.45	c43cb6fb78064eebbf07	COMPLETED	1740580994
78b96b1d71f149b982a0	2025-02-26 14:45:21.386	2025-02-26 14:45:21.386	f5b4c80151784b0da46a	COMPLETED	1740581121
86b947e0ca3a49a3b7b3	2025-02-26 14:47:20.697	2025-02-26 14:47:20.697	385959bf67324a14b3d1	COMPLETED	1740581240
c1c9a324c25044919df6	2025-02-26 14:51:23.411	2025-02-26 14:51:23.411	7bb589baa7394b3e8f4a	COMPLETED	1740581483
50b6410df3da4189b01a	2025-02-26 14:51:37.968	2025-02-26 14:51:37.968	6622b9ed30194a60b7e0	COMPLETED	1740581497
94447968f7f44cd5af9b	2025-02-26 14:58:05.211	2025-02-26 14:58:05.211	86f447da4ca34a16b11e	COMPLETED	1740581885
50c2335ffc7b4cec8870	2025-02-26 14:59:42.628	2025-02-26 14:59:42.628	f72d5eb9ad0b4a7b9558	COMPLETED	1740581982
0569b5fcff2240418024	2025-02-26 15:01:37.151	2025-02-26 15:01:37.151	c412a933a61b477bb4a2	COMPLETED	1740582097
41f567f7b2674ff387a6	2025-02-26 15:10:01.329	2025-02-26 15:10:01.329	a3b7540832c5425aa77a	COMPLETED	1740582601
2d73d211714c42ac92f8	2025-02-26 15:12:48.379	2025-02-26 15:12:48.379	bc0c9cdcae944f90983f	COMPLETED	1740582768
df958a76dd1d44b4847f	2025-02-26 15:12:59.918	2025-02-26 15:12:59.918	32e7805f87c64fdba2f3	COMPLETED	1740582779
3026315c55ab4abbba85	2025-02-27 01:24:10.165	2025-02-27 01:24:10.165	c8d61bb27f5747ed9c94	COMPLETED	1740619450
4fdc8e30134446669dac	2025-02-27 01:28:03.827	2025-02-27 01:28:03.827	d9612d05256a4c7991dc	COMPLETED	1740619683
5585e8bad430420ba1fd	2025-02-27 01:29:05.511	2025-02-27 01:29:05.511	50e188fdb898433f8388	COMPLETED	1740619745
b5a5d9c417a04c40903e	2025-02-27 01:30:00.385	2025-02-27 01:30:00.385	a0542d006009414e9ade	COMPLETED	1740619800
9e3a84f6894747d3a3ab	2025-02-27 01:30:49.838	2025-02-27 01:30:49.838	fb5ebf8a1fde4c30b26b	COMPLETED	1740619849
a7162cb394714849ba24	2025-02-27 01:31:55.313	2025-02-27 01:31:55.313	03d3f248b328481e9e2b	COMPLETED	1740619915
12fd6b65ee6c4467af0e	2025-02-27 01:33:26.566	2025-02-27 01:33:26.566	36c941c646c54e7f90a0	COMPLETED	1740620006
d794ee0ef7c94edb8422	2025-02-27 01:34:54.435	2025-02-27 01:34:54.435	f2a672aa9b474de6904f	COMPLETED	1740620094
d0c1dcdfc731459fafe8	2025-02-27 02:48:16.093	2025-02-27 02:48:16.093	b04847718b6c4ea0a396	COMPLETED	1740624496
1e0897361bc9444b9f5e	2025-02-27 02:50:56.577	2025-02-27 02:50:56.577	d12a9b39b8ba4013b140	COMPLETED	1740624656
dcbd3d27eede4ea19527	2025-02-27 02:52:05.443	2025-02-27 02:52:05.443	51ee1abdb91b47cdab80	COMPLETED	1740624725
73b8365e5c4f4aa3b97b	2025-02-27 02:53:50.873	2025-02-27 02:53:50.873	263c4726c4634aeabd7c	COMPLETED	1740624830
642c69987be142428e9c	2025-02-27 02:55:18.721	2025-02-27 02:55:18.721	d99fe81ce2c94442a479	COMPLETED	1740624918
26eca58a6ad14c568ca4	2025-02-27 02:56:35.56	2025-02-27 02:56:35.56	f5a072f72e8642b6b111	COMPLETED	1740624995
de6149336fb14414a1a0	2025-02-27 02:57:00.103	2025-02-27 02:57:00.103	4d789117bb5f48698b71	COMPLETED	1740625020
7a5c394fb02846549b45	2025-02-27 02:57:14.429	2025-02-27 02:57:14.429	b5f6e43c568548c19366	COMPLETED	1740625034
98d50b8462fa4ca3994e	2025-02-27 02:57:49.993	2025-02-27 02:57:49.993	363160f075844a9093ba	COMPLETED	1740625069
3481f8f66d8245bdb877	2025-02-27 03:00:36.223	2025-02-27 03:00:36.223	22e73b1bba2747bd9bb2	COMPLETED	1740625236
b6b1c533ac9a45658c59	2025-02-27 03:02:20.615	2025-02-27 03:02:20.615	e5f103bbf8484347bea0	COMPLETED	1740625340
a6e11a4eea644696bdb4	2025-02-27 03:03:47.594	2025-02-27 03:03:47.594	0a323492e3404a288309	COMPLETED	1740625427
c43473e68af64c9da263	2025-02-27 03:05:17.926	2025-02-27 03:05:17.926	567b5f46e7f443c789cc	COMPLETED	1740625517
5d4e652e94774879b7c7	2025-02-27 03:05:34.896	2025-02-27 03:05:34.896	8a8491786ec74d368322	COMPLETED	1740625534
12db0f243b7e4ecdb03a	2025-02-27 03:06:26.508	2025-02-27 03:06:26.508	80056a7fe1f34eccab6b	COMPLETED	1740625586
3c800a7deb424b2cb85e	2025-02-27 03:06:52.146	2025-02-27 03:06:52.146	67102dcd8f9541de9761	COMPLETED	1740625612
214c72c9dcde4f8196d6	2025-02-27 03:09:24.357	2025-02-27 03:09:24.357	c4089b2d8d8c4a7aa255	COMPLETED	1740625764
ab80e98d1bc34dfb8711	2025-02-27 03:10:58.119	2025-02-27 03:10:58.119	88b339e8fb2a4048876c	COMPLETED	1740625858
f1186020789f42f5ac81	2025-02-27 03:11:15.406	2025-02-27 03:11:15.406	3a87f36fbf644953977f	COMPLETED	1740625875
05481dc5757648999045	2025-02-27 03:12:56.319	2025-02-27 03:12:56.319	0c9408f41f5143239606	COMPLETED	1740625976
3ca93a84e84a4c53af0f	2025-02-27 03:14:44.93	2025-02-27 03:14:44.93	123201f1133949ec90cb	COMPLETED	1740626084
9882931fc68b48ed91fa	2025-02-27 03:15:04.848	2025-02-27 03:15:04.848	8152e81d5e4a4cf59092	COMPLETED	1740626104
cc2d1123ad154971a280	2025-02-27 03:17:20.956	2025-02-27 03:17:20.956	e7e70ce9ee2b4b4dbf75	COMPLETED	1740626240
ce27dbf167e74e3fb3f6	2025-02-27 03:18:56.453	2025-02-27 03:18:56.453	d38cb1ab61394a198e50	COMPLETED	1740626336
3d816cee9aec4b6b8354	2025-02-27 03:22:36.064	2025-02-27 03:22:36.064	18f87c08d45a48b5b790	COMPLETED	1740626556
84408c8568c54544a923	2025-02-27 03:24:35.713	2025-02-27 03:24:35.713	257e197b3492493a967e	COMPLETED	1740626675
e7ff47b86d1444a6b459	2025-02-27 03:25:02.689	2025-02-27 03:25:02.689	c39d1afec8634ad5921d	COMPLETED	1740626702
c4fa66238a134531b097	2025-02-27 03:26:57.719	2025-02-27 03:26:57.719	079a2d13801f48d099a9	COMPLETED	1740626817
c411c1011baf4f0db4ad	2025-02-27 03:29:51.368	2025-02-27 03:29:51.368	7fe2dfe5577045948649	COMPLETED	1740626991
739bf549758c4ec8a1ce	2025-02-27 03:32:02.493	2025-02-27 03:32:02.493	1e0dbcb69aa94d3cba9a	COMPLETED	1740627122
ebb4d7287db84df68aa2	2025-02-27 03:33:24.317	2025-02-27 03:33:24.317	eb223a7e5c15424aa9f1	COMPLETED	1740627204
c2ce6ea38bf5475bb1b7	2025-02-27 03:34:40.266	2025-02-27 03:34:40.266	9bbc76279f814e4b869a	COMPLETED	1740627280
6b061c533d694efcba05	2025-02-27 03:35:45.553	2025-02-27 03:35:45.553	1f80e80cea944a078bfa	COMPLETED	1740627345
faf965a0468f4e3daf03	2025-02-27 03:37:31.458	2025-02-27 03:37:31.458	4fbddac74f4147799783	COMPLETED	1740627451
6b074acd5a35401ca94e	2025-02-27 03:38:46.261	2025-02-27 03:38:46.261	2758b554ec6c4e9caa54	COMPLETED	1740627526
3df0b3148642499a83e7	2025-02-27 03:39:57.677	2025-02-27 03:39:57.677	d5d93d4fc7d34826a37c	COMPLETED	1740627597
7af70840a6f548c4b433	2025-03-11 07:45:16.848	2025-03-11 07:45:16.848	90ed1407a0094d91a064	COMPLETED	1741679116
c554b3b0808d411c95f6	2025-03-11 07:47:06.474	2025-03-11 07:47:06.474	936961b3019b4482985a	COMPLETED	1741679226
efe33bb801054c69bbd0	2025-03-11 07:51:02.863	2025-03-11 07:51:02.863	c406fab5001340a2ae77	COMPLETED	1741679462
818db1296c554116a36e	2025-03-11 07:53:37.5	2025-03-11 07:53:37.5	f7b3aa7432ce45ec98a2	COMPLETED	1741679617
114d0d3f823b4f4a8154	2025-03-11 07:55:36.736	2025-03-11 07:55:36.736	d82378153c934d12808f	COMPLETED	1741679736
26b3c13121984d58bdd3	2025-03-11 07:57:23.545	2025-03-11 07:57:23.545	efc734ff3dfb46e898f8	COMPLETED	1741679843
422e66ed344e4eda95b3	2025-03-11 08:03:39.672	2025-03-11 08:03:39.672	443dbb238fd54afc982b	COMPLETED	1741680219
bd068c513fd8487a9ed7	2025-03-14 03:47:30.949	2025-03-14 03:47:30.949	22e014b01c534f6ebd42	PENDING	1741924050
59c259026f084a43ae9e	2025-03-14 03:48:06.91	2025-03-14 03:48:06.91	22e014b01c534f6ebd42	PENDING	1741924086
0ebf8130718741e39c16	2025-03-14 03:51:46.658	2025-03-14 03:51:46.658	22e014b01c534f6ebd42	PENDING	1741924306
3c518b78a2324ec0ae7d	2025-03-14 03:52:22.078	2025-03-14 03:52:22.078	22e014b01c534f6ebd42	PENDING	1741924342
acf760b0c8ad47c28ff4	2025-03-14 03:53:24.178	2025-03-14 03:53:24.178	22e014b01c534f6ebd42	PENDING	1741924404
d01350e5c4eb4d74b8fe	2025-03-14 04:07:37.097	2025-03-14 04:07:37.097	22e014b01c534f6ebd42	PENDING	1741925257
7530d2d5b6fb4b0aa8b6	2025-03-14 04:14:44.113	2025-03-14 04:14:44.113	88b339e8fb2a4048876c	PENDING	1741925684
0912e2a688a844dd8ce0	2025-03-14 04:14:59.057	2025-03-14 04:14:59.057	22e014b01c534f6ebd42	COMPLETED	1741925699
69c0fc2b028747d49293	2025-03-14 04:15:12.124	2025-03-14 04:15:12.124	88b339e8fb2a4048876c	COMPLETED	1741925712
\.


--
-- Data for Name: Subscription; Type: TABLE DATA; Schema: public; Owner: postgres
--

COPY public."Subscription" ("Id", "DateCreate", "DateUpdate", "StartDate", "EndDate", "Status", "StudentId", "CompetitionId") FROM stdin;
\.


--
-- PostgreSQL database dump complete
--

